seed,comparison,metric,variant_A,variant_B,value_A,value_B,absolute_difference,relative_difference_percent,outcome_A_lower_is_better,scenario_fingerprint
1000,time_aware_vs_mission_completion,weighted_mean_delay,time_aware,mission_completion,17.972209967839124,22.12008158914571,-4.147871621306585,-18.751610859075402,win,003efd5ffe91eda82ee5212d1e1fc1115a654b2079ec04a608d4766b8a3bd068
1000,time_aware_vs_mission_completion,high_priority_mean_delay,time_aware,mission_completion,15.728047807502689,19.126333744125212,-3.398285936622523,-17.76757627512555,win,003efd5ffe91eda82ee5212d1e1fc1115a654b2079ec04a608d4766b8a3bd068
1000,time_aware_vs_mission_completion,mean_delay,time_aware,mission_completion,24.32290562830029,23.999331548846907,0.32357407945338323,1.3482628830507155,loss,003efd5ffe91eda82ee5212d1e1fc1115a654b2079ec04a608d4766b8a3bd068
1000,time_aware_vs_mission_completion,makespan,time_aware,mission_completion,85.218213054053,84.01678184269358,1.20143121135942,1.4299895628100652,loss,003efd5ffe91eda82ee5212d1e1fc1115a654b2079ec04a608d4766b8a3bd068
1000,time_aware_vs_mission_completion,total_travel_time,time_aware,mission_completion,169.66974853467696,153.90969127374865,15.760057260928306,10.239808247615136,loss,003efd5ffe91eda82ee5212d1e1fc1115a654b2079ec04a608d4766b8a3bd068
1000,time_aware_vs_distance_oriented,weighted_mean_delay,time_aware,distance_oriented,17.972209967839124,80.9922533712768,-63.02004340343768,-77.80996426231943,win,003efd5ffe91eda82ee5212d1e1fc1115a654b2079ec04a608d4766b8a3bd068
1000,time_aware_vs_distance_oriented,high_priority_mean_delay,time_aware,distance_oriented,15.728047807502689,78.09935447252863,-62.37130666502594,-79.86148808306089,win,003efd5ffe91eda82ee5212d1e1fc1115a654b2079ec04a608d4766b8a3bd068
1000,time_aware_vs_distance_oriented,mean_delay,time_aware,distance_oriented,24.32290562830029,75.52330940326617,-51.20040377496588,-67.79417398352462,win,003efd5ffe91eda82ee5212d1e1fc1115a654b2079ec04a608d4766b8a3bd068
1000,time_aware_vs_distance_oriented,makespan,time_aware,distance_oriented,85.218213054053,178.6022361067307,-93.38402305267769,-52.28603240827985,win,003efd5ffe91eda82ee5212d1e1fc1115a654b2079ec04a608d4766b8a3bd068
1000,time_aware_vs_distance_oriented,total_travel_time,time_aware,distance_oriented,169.66974853467696,97.41206503661716,72.25768349805979,74.17734494274211,loss,003efd5ffe91eda82ee5212d1e1fc1115a654b2079ec04a608d4766b8a3bd068
1000,mission_completion_vs_distance_oriented,weighted_mean_delay,mission_completion,distance_oriented,22.12008158914571,80.9922533712768,-58.87217178213109,-72.68864531062621,win,003efd5ffe91eda82ee5212d1e1fc1115a654b2079ec04a608d4766b8a3bd068
1000,mission_completion_vs_distance_oriented,high_priority_mean_delay,mission_completion,distance_oriented,19.126333744125212,78.09935447252863,-58.97302072840342,-75.51025373602431,win,003efd5ffe91eda82ee5212d1e1fc1115a654b2079ec04a608d4766b8a3bd068
1000,mission_completion_vs_distance_oriented,mean_delay,mission_completion,distance_oriented,23.999331548846907,75.52330940326617,-51.52397785441926,-68.22261664845819,win,003efd5ffe91eda82ee5212d1e1fc1115a654b2079ec04a608d4766b8a3bd068
1000,mission_completion_vs_distance_oriented,makespan,mission_completion,distance_oriented,84.01678184269358,178.6022361067307,-94.58545426403711,-52.958717833473216,win,003efd5ffe91eda82ee5212d1e1fc1115a654b2079ec04a608d4766b8a3bd068
1000,mission_completion_vs_distance_oriented,total_travel_time,mission_completion,distance_oriented,153.90969127374865,97.41206503661716,56.497626237131485,57.99859207983533,loss,003efd5ffe91eda82ee5212d1e1fc1115a654b2079ec04a608d4766b8a3bd068
1001,time_aware_vs_mission_completion,weighted_mean_delay,time_aware,mission_completion,18.831648034204196,22.53104755272164,-3.699399518517442,-16.419119039454394,win,326a5400532f40cb7bdcebae3f9c8dfd872dced5e3505899268f16c5315dbfbc
1001,time_aware_vs_mission_completion,high_priority_mean_delay,time_aware,mission_completion,16.216431281931193,20.49721743946621,-4.280786157535015,-20.884718475458083,win,326a5400532f40cb7bdcebae3f9c8dfd872dced5e3505899268f16c5315dbfbc
1001,time_aware_vs_mission_completion,mean_delay,time_aware,mission_completion,23.9779472796946,23.801870955647157,0.17607632404744322,0.7397583340215022,loss,326a5400532f40cb7bdcebae3f9c8dfd872dced5e3505899268f16c5315dbfbc
1001,time_aware_vs_mission_completion,makespan,time_aware,mission_completion,83.37867273245533,75.80669923526179,7.5719734971935395,9.988528155927684,loss,326a5400532f40cb7bdcebae3f9c8dfd872dced5e3505899268f16c5315dbfbc
1001,time_aware_vs_mission_completion,total_travel_time,time_aware,mission_completion,159.02737123818744,146.3818013131442,12.645569925043247,8.638758241532688,loss,326a5400532f40cb7bdcebae3f9c8dfd872dced5e3505899268f16c5315dbfbc
1001,time_aware_vs_distance_oriented,weighted_mean_delay,time_aware,distance_oriented,18.831648034204196,72.60809917050985,-53.77645113630565,-74.06398425335342,win,326a5400532f40cb7bdcebae3f9c8dfd872dced5e3505899268f16c5315dbfbc
1001,time_aware_vs_distance_oriented,high_priority_mean_delay,time_aware,distance_oriented,16.216431281931193,65.81935008065568,-49.60291879872449,-75.36221299350507,win,326a5400532f40cb7bdcebae3f9c8dfd872dced5e3505899268f16c5315dbfbc
1001,time_aware_vs_distance_oriented,mean_delay,time_aware,distance_oriented,23.9779472796946,74.96719049256076,-50.98924321286616,-68.01541164587992,win,326a5400532f40cb7bdcebae3f9c8dfd872dced5e3505899268f16c5315dbfbc
1001,time_aware_vs_distance_oriented,makespan,time_aware,distance_oriented,83.37867273245533,176.8342432741643,-93.45557054170897,-52.84924956351084,win,326a5400532f40cb7bdcebae3f9c8dfd872dced5e3505899268f16c5315dbfbc
1001,time_aware_vs_distance_oriented,total_travel_time,time_aware,distance_oriented,159.02737123818744,98.26108381082756,60.766287427359885,61.841662101292584,loss,326a5400532f40cb7bdcebae3f9c8dfd872dced5e3505899268f16c5315dbfbc
1001,mission_completion_vs_distance_oriented,weighted_mean_delay,mission_completion,distance_oriented,22.53104755272164,72.60809917050985,-50.07705161778821,-68.96896102484288,win,326a5400532f40cb7bdcebae3f9c8dfd872dced5e3505899268f16c5315dbfbc
1001,mission_completion_vs_distance_oriented,high_priority_mean_delay,mission_completion,distance_oriented,20.49721743946621,65.81935008065568,-45.32213264118947,-68.85837156649417,win,326a5400532f40cb7bdcebae3f9c8dfd872dced5e3505899268f16c5315dbfbc
1001,mission_completion_vs_distance_oriented,mean_delay,mission_completion,distance_oriented,23.801870955647157,74.96719049256076,-51.1653195369136,-68.25028282471237,win,326a5400532f40cb7bdcebae3f9c8dfd872dced5e3505899268f16c5315dbfbc
1001,mission_completion_vs_distance_oriented,makespan,mission_completion,distance_oriented,75.80669923526179,176.8342432741643,-101.0275440389025,-57.13121065712885,win,326a5400532f40cb7bdcebae3f9c8dfd872dced5e3505899268f16c5315dbfbc
1001,mission_completion_vs_distance_oriented,total_travel_time,mission_completion,distance_oriented,146.3818013131442,98.26108381082756,48.12071750231664,48.97230483937949,loss,326a5400532f40cb7bdcebae3f9c8dfd872dced5e3505899268f16c5315dbfbc
1002,time_aware_vs_mission_completion,weighted_mean_delay,time_aware,mission_completion,19.56147026627156,24.97015780017139,-5.40868753389983,-21.660606141074148,win,bac977afff5983f5f02211e95bb5bd4acf7a0d9a328b4221afb60dccebcb1493
1002,time_aware_vs_mission_completion,high_priority_mean_delay,time_aware,mission_completion,14.695671819429242,27.264232612957645,-12.568560793528404,-46.09908143006031,win,bac977afff5983f5f02211e95bb5bd4acf7a0d9a328b4221afb60dccebcb1493
1002,time_aware_vs_mission_completion,mean_delay,time_aware,mission_completion,21.04081053942801,22.881034249685303,-1.8402237102572947,-8.042572246412352,win,bac977afff5983f5f02211e95bb5bd4acf7a0d9a328b4221afb60dccebcb1493
1002,time_aware_vs_mission_completion,makespan,time_aware,mission_completion,77.56947482951854,76.95862166435313,0.610853165165409,0.7937423409550918,loss,bac977afff5983f5f02211e95bb5bd4acf7a0d9a328b4221afb60dccebcb1493
1002,time_aware_vs_mission_completion,total_travel_time,time_aware,mission_completion,146.87636729836092,138.17704102118802,8.6993262771729,6.295782724019217,loss,bac977afff5983f5f02211e95bb5bd4acf7a0d9a328b4221afb60dccebcb1493
1002,time_aware_vs_distance_oriented,weighted_mean_delay,time_aware,distance_oriented,19.56147026627156,75.96428486997863,-56.40281460370707,-74.24912207130863,win,bac977afff5983f5f02211e95bb5bd4acf7a0d9a328b4221afb60dccebcb1493
1002,time_aware_vs_distance_oriented,high_priority_mean_delay,time_aware,distance_oriented,14.695671819429242,87.44532557135115,-72.74965375192191,-83.19444553106698,win,bac977afff5983f5f02211e95bb5bd4acf7a0d9a328b4221afb60dccebcb1493
1002,time_aware_vs_distance_oriented,mean_delay,time_aware,distance_oriented,21.04081053942801,73.71512778515913,-52.67431724573112,-71.45659083607518,win,bac977afff5983f5f02211e95bb5bd4acf7a0d9a328b4221afb60dccebcb1493
1002,time_aware_vs_distance_oriented,makespan,time_aware,distance_oriented,77.56947482951854,172.2871662175145,-94.71769138799597,-54.97663782362861,win,bac977afff5983f5f02211e95bb5bd4acf7a0d9a328b4221afb60dccebcb1493
1002,time_aware_vs_distance_oriented,total_travel_time,time_aware,distance_oriented,146.87636729836092,95.38022818699751,51.496139111363405,53.99037105510248,loss,bac977afff5983f5f02211e95bb5bd4acf7a0d9a328b4221afb60dccebcb1493
1002,mission_completion_vs_distance_oriented,weighted_mean_delay,mission_completion,distance_oriented,24.97015780017139,75.96428486997863,-50.994127069807234,-67.12908198515841,win,bac977afff5983f5f02211e95bb5bd4acf7a0d9a328b4221afb60dccebcb1493
1002,mission_completion_vs_distance_oriented,high_priority_mean_delay,mission_completion,distance_oriented,27.264232612957645,87.44532557135115,-60.181092958393506,-68.821395043339,win,bac977afff5983f5f02211e95bb5bd4acf7a0d9a328b4221afb60dccebcb1493
1002,mission_completion_vs_distance_oriented,mean_delay,mission_completion,distance_oriented,22.881034249685303,73.71512778515913,-50.834093535473826,-68.96019183962959,win,bac977afff5983f5f02211e95bb5bd4acf7a0d9a328b4221afb60dccebcb1493
1002,mission_completion_vs_distance_oriented,makespan,mission_completion,distance_oriented,76.95862166435313,172.2871662175145,-95.32854455316138,-55.33119305753047,win,bac977afff5983f5f02211e95bb5bd4acf7a0d9a328b4221afb60dccebcb1493
1002,mission_completion_vs_distance_oriented,total_travel_time,mission_completion,distance_oriented,138.17704102118802,95.38022818699751,42.796812834190504,44.869690131465504,loss,bac977afff5983f5f02211e95bb5bd4acf7a0d9a328b4221afb60dccebcb1493
1003,time_aware_vs_mission_completion,weighted_mean_delay,time_aware,mission_completion,18.665078387293665,19.52009778996069,-0.8550194026670255,-4.380200406100257,win,928e6ecadcc3e29bce8ab1bcdc3ba9bb293cdedc1b5e429a3696296f9a79850a
1003,time_aware_vs_mission_completion,high_priority_mean_delay,time_aware,mission_completion,18.29499387723741,19.826831218323196,-1.5318373410857866,-7.726082520287565,win,928e6ecadcc3e29bce8ab1bcdc3ba9bb293cdedc1b5e429a3696296f9a79850a
1003,time_aware_vs_mission_completion,mean_delay,time_aware,mission_completion,20.383830820941547,20.293960095785344,0.08987072515620298,0.4428446923716351,loss,928e6ecadcc3e29bce8ab1bcdc3ba9bb293cdedc1b5e429a3696296f9a79850a
1003,time_aware_vs_mission_completion,makespan,time_aware,mission_completion,83.96896338306897,86.06021805024145,-2.0912546671724783,-2.4299899704548924,win,928e6ecadcc3e29bce8ab1bcdc3ba9bb293cdedc1b5e429a3696296f9a79850a
1003,time_aware_vs_mission_completion,total_travel_time,time_aware,mission_completion,170.92336510823435,168.49687076074753,2.4264943474868232,1.4400827365703763,loss,928e6ecadcc3e29bce8ab1bcdc3ba9bb293cdedc1b5e429a3696296f9a79850a
1003,time_aware_vs_distance_oriented,weighted_mean_delay,time_aware,distance_oriented,18.665078387293665,74.46357827125603,-55.798499883962364,-74.93394915927826,win,928e6ecadcc3e29bce8ab1bcdc3ba9bb293cdedc1b5e429a3696296f9a79850a
1003,time_aware_vs_distance_oriented,high_priority_mean_delay,time_aware,distance_oriented,18.29499387723741,83.69737728610289,-65.40238340886549,-78.14149681811463,win,928e6ecadcc3e29bce8ab1bcdc3ba9bb293cdedc1b5e429a3696296f9a79850a
1003,time_aware_vs_distance_oriented,mean_delay,time_aware,distance_oriented,20.383830820941547,72.15381527759268,-51.76998445665114,-71.74947611221921,win,928e6ecadcc3e29bce8ab1bcdc3ba9bb293cdedc1b5e429a3696296f9a79850a
1003,time_aware_vs_distance_oriented,makespan,time_aware,distance_oriented,83.96896338306897,181.9549413188363,-97.98597793576732,-53.851781779351796,win,928e6ecadcc3e29bce8ab1bcdc3ba9bb293cdedc1b5e429a3696296f9a79850a
1003,time_aware_vs_distance_oriented,total_travel_time,time_aware,distance_oriented,170.92336510823435,102.01388348578652,68.90948162244783,67.5491210292459,loss,928e6ecadcc3e29bce8ab1bcdc3ba9bb293cdedc1b5e429a3696296f9a79850a
1003,mission_completion_vs_distance_oriented,weighted_mean_delay,mission_completion,distance_oriented,19.52009778996069,74.46357827125603,-54.94348048129534,-73.78571075532679,win,928e6ecadcc3e29bce8ab1bcdc3ba9bb293cdedc1b5e429a3696296f9a79850a
1003,mission_completion_vs_distance_oriented,high_priority_mean_delay,mission_completion,distance_oriented,19.826831218323196,83.69737728610289,-63.8705460677797,-76.3112873291727,win,928e6ecadcc3e29bce8ab1bcdc3ba9bb293cdedc1b5e429a3696296f9a79850a
1003,mission_completion_vs_distance_oriented,mean_delay,mission_completion,distance_oriented,20.293960095785344,72.15381527759268,-51.85985518180734,-71.8740304754368,win,928e6ecadcc3e29bce8ab1bcdc3ba9bb293cdedc1b5e429a3696296f9a79850a
1003,mission_completion_vs_distance_oriented,makespan,mission_completion,distance_oriented,86.06021805024145,181.9549413188363,-95.89472326859484,-52.70245620895796,win,928e6ecadcc3e29bce8ab1bcdc3ba9bb293cdedc1b5e429a3696296f9a79850a
1003,mission_completion_vs_distance_oriented,total_travel_time,mission_completion,distance_oriented,168.49687076074753,102.01388348578652,66.482987274961,65.17052875869,loss,928e6ecadcc3e29bce8ab1bcdc3ba9bb293cdedc1b5e429a3696296f9a79850a
1004,time_aware_vs_mission_completion,weighted_mean_delay,time_aware,mission_completion,19.868109505189818,22.9022160881764,-3.034106582986581,-13.248091675080223,win,36f049506a9f245c3a7992826d6a406fc84dc5560363ffe26fa19d3cb1196cf1
1004,time_aware_vs_mission_completion,high_priority_mean_delay,time_aware,mission_completion,18.696398406493,25.65836868073896,-6.96197027424596,-27.133331666062315,win,36f049506a9f245c3a7992826d6a406fc84dc5560363ffe26fa19d3cb1196cf1
1004,time_aware_vs_mission_completion,mean_delay,time_aware,mission_completion,22.60893724712944,22.07634025051328,0.5325969966161601,2.4125239535741305,loss,36f049506a9f245c3a7992826d6a406fc84dc5560363ffe26fa19d3cb1196cf1
1004,time_aware_vs_mission_completion,makespan,time_aware,mission_completion,98.25495966466804,92.91069310553009,5.3442665591379495,5.752046810228624,loss,36f049506a9f245c3a7992826d6a406fc84dc5560363ffe26fa19d3cb1196cf1
1004,time_aware_vs_mission_completion,total_travel_time,time_aware,mission_completion,199.0557481938905,182.20299572735416,16.852752466536344,9.249437639189287,loss,36f049506a9f245c3a7992826d6a406fc84dc5560363ffe26fa19d3cb1196cf1
1004,time_aware_vs_distance_oriented,weighted_mean_delay,time_aware,distance_oriented,19.868109505189818,73.17647503399617,-53.30836552880635,-72.84904814565127,win,36f049506a9f245c3a7992826d6a406fc84dc5560363ffe26fa19d3cb1196cf1
1004,time_aware_vs_distance_oriented,high_priority_mean_delay,time_aware,distance_oriented,18.696398406493,77.3557734108752,-58.6593750043822,-75.83063605713424,win,36f049506a9f245c3a7992826d6a406fc84dc5560363ffe26fa19d3cb1196cf1
1004,time_aware_vs_distance_oriented,mean_delay,time_aware,distance_oriented,22.60893724712944,78.12919408211658,-55.520256834987144,-71.06211383242142,win,36f049506a9f245c3a7992826d6a406fc84dc5560363ffe26fa19d3cb1196cf1
1004,time_aware_vs_distance_oriented,makespan,time_aware,distance_oriented,98.25495966466804,194.3532690766008,-96.09830941193277,-49.44517263255159,win,36f049506a9f245c3a7992826d6a406fc84dc5560363ffe26fa19d3cb1196cf1
1004,time_aware_vs_distance_oriented,total_travel_time,time_aware,distance_oriented,199.0557481938905,109.9847333407311,89.07101485315941,80.98488958210109,loss,36f049506a9f245c3a7992826d6a406fc84dc5560363ffe26fa19d3cb1196cf1
1004,mission_completion_vs_distance_oriented,weighted_mean_delay,mission_completion,distance_oriented,22.9022160881764,73.17647503399617,-50.27425894581977,-68.70276126646365,win,36f049506a9f245c3a7992826d6a406fc84dc5560363ffe26fa19d3cb1196cf1
1004,mission_completion_vs_distance_oriented,high_priority_mean_delay,mission_completion,distance_oriented,25.65836868073896,77.3557734108752,-51.69740473013624,-66.8306998309557,win,36f049506a9f245c3a7992826d6a406fc84dc5560363ffe26fa19d3cb1196cf1
1004,mission_completion_vs_distance_oriented,mean_delay,mission_completion,distance_oriented,22.07634025051328,78.12919408211658,-56.0528538316033,-71.74380139220398,win,36f049506a9f245c3a7992826d6a406fc84dc5560363ffe26fa19d3cb1196cf1
1004,mission_completion_vs_distance_oriented,makespan,mission_completion,distance_oriented,92.91069310553009,194.3532690766008,-101.44257597107072,-52.19494194928564,win,36f049506a9f245c3a7992826d6a406fc84dc5560363ffe26fa19d3cb1196cf1
1004,mission_completion_vs_distance_oriented,total_travel_time,mission_completion,distance_oriented,182.20299572735416,109.9847333407311,72.21826238662307,65.66207890225269,loss,36f049506a9f245c3a7992826d6a406fc84dc5560363ffe26fa19d3cb1196cf1
1005,time_aware_vs_mission_completion,weighted_mean_delay,time_aware,mission_completion,18.367934885659658,21.20097771198427,-2.8330428263246112,-13.362793286288765,win,ac3e0c423ba30b6ed83812071978ee0eab613ff0a3b2a3dd494f8ec12ad0e6d9
1005,time_aware_vs_mission_completion,high_priority_mean_delay,time_aware,mission_completion,14.616350035176396,16.356185679622428,-1.739835644446032,-10.63717225106847,win,ac3e0c423ba30b6ed83812071978ee0eab613ff0a3b2a3dd494f8ec12ad0e6d9
1005,time_aware_vs_mission_completion,mean_delay,time_aware,mission_completion,22.62438888918954,23.420641932755963,-0.7962530435664235,-3.3997917130221307,win,ac3e0c423ba30b6ed83812071978ee0eab613ff0a3b2a3dd494f8ec12ad0e6d9
1005,time_aware_vs_mission_completion,makespan,time_aware,mission_completion,88.89047270389776,86.12123526564237,2.769237438255388,3.215510587735568,loss,ac3e0c423ba30b6ed83812071978ee0eab613ff0a3b2a3dd494f8ec12ad0e6d9
1005,time_aware_vs_mission_completion,total_travel_time,time_aware,mission_completion,164.35860490818368,166.48619178739006,-2.127586879206376,-1.2779359395302856,win,ac3e0c423ba30b6ed83812071978ee0eab613ff0a3b2a3dd494f8ec12ad0e6d9
1005,time_aware_vs_distance_oriented,weighted_mean_delay,time_aware,distance_oriented,18.367934885659658,65.89054361066628,-47.52260872500663,-72.12356450693134,win,ac3e0c423ba30b6ed83812071978ee0eab613ff0a3b2a3dd494f8ec12ad0e6d9
1005,time_aware_vs_distance_oriented,high_priority_mean_delay,time_aware,distance_oriented,14.616350035176396,41.89406547604239,-27.277715440865997,-65.11116820702225,win,ac3e0c423ba30b6ed83812071978ee0eab613ff0a3b2a3dd494f8ec12ad0e6d9
1005,time_aware_vs_distance_oriented,mean_delay,time_aware,distance_oriented,22.62438888918954,80.05370120281665,-57.429312313627115,-71.73848485547161,win,ac3e0c423ba30b6ed83812071978ee0eab613ff0a3b2a3dd494f8ec12ad0e6d9
1005,time_aware_vs_distance_oriented,makespan,time_aware,distance_oriented,88.89047270389776,188.1679378765557,-99.27746517265794,-52.760032497027844,win,ac3e0c423ba30b6ed83812071978ee0eab613ff0a3b2a3dd494f8ec12ad0e6d9
1005,time_aware_vs_distance_oriented,total_travel_time,time_aware,distance_oriented,164.35860490818368,109.50046127779824,54.85814363038544,50.09855026200534,loss,ac3e0c423ba30b6ed83812071978ee0eab613ff0a3b2a3dd494f8ec12ad0e6d9
1005,mission_completion_vs_distance_oriented,weighted_mean_delay,mission_completion,distance_oriented,21.20097771198427,65.89054361066628,-44.68956589868202,-67.82394475714679,win,ac3e0c423ba30b6ed83812071978ee0eab613ff0a3b2a3dd494f8ec12ad0e6d9
1005,mission_completion_vs_distance_oriented,high_priority_mean_delay,mission_completion,distance_oriented,16.356185679622428,41.89406547604239,-25.537879796419965,-60.958227630173766,win,ac3e0c423ba30b6ed83812071978ee0eab613ff0a3b2a3dd494f8ec12ad0e6d9
1005,mission_completion_vs_distance_oriented,mean_delay,mission_completion,distance_oriented,23.420641932755963,80.05370120281665,-56.63305927006069,-70.74383622386229,win,ac3e0c423ba30b6ed83812071978ee0eab613ff0a3b2a3dd494f8ec12ad0e6d9
1005,mission_completion_vs_distance_oriented,makespan,mission_completion,distance_oriented,86.12123526564237,188.1679378765557,-102.04670261091333,-54.231716498832704,win,ac3e0c423ba30b6ed83812071978ee0eab613ff0a3b2a3dd494f8ec12ad0e6d9
1005,mission_completion_vs_distance_oriented,total_travel_time,mission_completion,distance_oriented,166.48619178739006,109.50046127779824,56.98573050959182,52.041543793154744,loss,ac3e0c423ba30b6ed83812071978ee0eab613ff0a3b2a3dd494f8ec12ad0e6d9
1006,time_aware_vs_mission_completion,weighted_mean_delay,time_aware,mission_completion,18.555973910207666,24.663246456725755,-6.1072725465180895,-24.762646544662875,win,83bdc0825e5e2e93054ab339a9a27ca1db05cfccb837d2524713925798716880
1006,time_aware_vs_mission_completion,high_priority_mean_delay,time_aware,mission_completion,16.72006897695177,29.40996749824169,-12.689898521289923,-43.1482915513205,win,83bdc0825e5e2e93054ab339a9a27ca1db05cfccb837d2524713925798716880
1006,time_aware_vs_mission_completion,mean_delay,time_aware,mission_completion,21.11848679402622,23.03514708992333,-1.9166602958971097,-8.320590653990433,win,83bdc0825e5e2e93054ab339a9a27ca1db05cfccb837d2524713925798716880
1006,time_aware_vs_mission_completion,makespan,time_aware,mission_completion,88.11669658856646,89.85310168720636,-1.7364050986399064,-1.9324932206398644,win,83bdc0825e5e2e93054ab339a9a27ca1db05cfccb837d2524713925798716880
1006,time_aware_vs_mission_completion,total_travel_time,time_aware,mission_completion,139.87530336901645,158.80180571953812,-18.926502350521673,-11.91831683825309,win,83bdc0825e5e2e93054ab339a9a27ca1db05cfccb837d2524713925798716880
1006,time_aware_vs_distance_oriented,weighted_mean_delay,time_aware,distance_oriented,18.555973910207666,75.43359383097135,-56.87761992076368,-75.40091494011651,win,83bdc0825e5e2e93054ab339a9a27ca1db05cfccb837d2524713925798716880
1006,time_aware_vs_distance_oriented,high_priority_mean_delay,time_aware,distance_oriented,16.72006897695177,88.50376073286044,-71.78369175590868,-81.10806948936376,win,83bdc0825e5e2e93054ab339a9a27ca1db05cfccb837d2524713925798716880
1006,time_aware_vs_distance_oriented,mean_delay,time_aware,distance_oriented,21.11848679402622,72.03805554255726,-50.919568748531034,-70.68426315095326,win,83bdc0825e5e2e93054ab339a9a27ca1db05cfccb837d2524713925798716880
1006,time_aware_vs_distance_oriented,makespan,time_aware,distance_oriented,88.11669658856646,177.85886522279588,-89.74216863422943,-50.45695558768657,win,83bdc0825e5e2e93054ab339a9a27ca1db05cfccb837d2524713925798716880
1006,time_aware_vs_distance_oriented,total_travel_time,time_aware,distance_oriented,139.87530336901645,97.30444106722936,42.57086230178709,43.75017402584341,loss,83bdc0825e5e2e93054ab339a9a27ca1db05cfccb837d2524713925798716880
1006,mission_completion_vs_distance_oriented,weighted_mean_delay,mission_completion,distance_oriented,24.663246456725755,75.43359383097135,-50.77034737424559,-67.30469118044383,win,83bdc0825e5e2e93054ab339a9a27ca1db05cfccb837d2524713925798716880
1006,mission_completion_vs_distance_oriented,high_priority_mean_delay,mission_completion,distance_oriented,29.40996749824169,88.50376073286044,-59.09379323461875,-66.76981039595292,win,83bdc0825e5e2e93054ab339a9a27ca1db05cfccb837d2524713925798716880
1006,mission_completion_vs_distance_oriented,mean_delay,mission_completion,distance_oriented,23.03514708992333,72.03805554255726,-49.00290845263393,-68.02364123179996,win,83bdc0825e5e2e93054ab339a9a27ca1db05cfccb837d2524713925798716880
1006,mission_completion_vs_distance_oriented,makespan,mission_completion,distance_oriented,89.85310168720636,177.85886522279588,-88.00576353558952,-49.480673018659274,win,83bdc0825e5e2e93054ab339a9a27ca1db05cfccb837d2524713925798716880
1006,mission_completion_vs_distance_oriented,total_travel_time,mission_completion,distance_oriented,158.80180571953812,97.30444106722936,61.49736465230876,63.2009844338134,loss,83bdc0825e5e2e93054ab339a9a27ca1db05cfccb837d2524713925798716880
1007,time_aware_vs_mission_completion,weighted_mean_delay,time_aware,mission_completion,19.70856746757917,24.954565132480777,-5.2459976649016085,-21.022196287738293,win,ea69d165b54222d53244e69b6ef8594befc6149189a269a0f745eaab4c35bcd9
1007,time_aware_vs_mission_completion,high_priority_mean_delay,time_aware,mission_completion,17.054677553807824,21.348075910367136,-4.293398356559312,-20.111406641918183,win,ea69d165b54222d53244e69b6ef8594befc6149189a269a0f745eaab4c35bcd9
1007,time_aware_vs_mission_completion,mean_delay,time_aware,mission_completion,26.30710474434514,27.108031891061927,-0.8009271467167878,-2.9545750496954,win,ea69d165b54222d53244e69b6ef8594befc6149189a269a0f745eaab4c35bcd9
1007,time_aware_vs_mission_completion,makespan,time_aware,mission_completion,90.53608495500885,84.86204948441056,5.674035470598284,6.686187176802302,loss,ea69d165b54222d53244e69b6ef8594befc6149189a269a0f745eaab4c35bcd9
1007,time_aware_vs_mission_completion,total_travel_time,time_aware,mission_completion,160.62753541763587,162.09129874306012,-1.463763325424253,-0.9030486748980555,win,ea69d165b54222d53244e69b6ef8594befc6149189a269a0f745eaab4c35bcd9
1007,time_aware_vs_distance_oriented,weighted_mean_delay,time_aware,distance_oriented,19.70856746757917,64.7105082496846,-45.00194078210542,-69.54348219375139,win,ea69d165b54222d53244e69b6ef8594befc6149189a269a0f745eaab4c35bcd9
1007,time_aware_vs_distance_oriented,high_priority_mean_delay,time_aware,distance_oriented,17.054677553807824,55.06926678696773,-38.01458923315991,-69.030498227291,win,ea69d165b54222d53244e69b6ef8594befc6149189a269a0f745eaab4c35bcd9
1007,time_aware_vs_distance_oriented,mean_delay,time_aware,distance_oriented,26.30710474434514,79.02266756331534,-52.7155628189702,-66.70941951780216,win,ea69d165b54222d53244e69b6ef8594befc6149189a269a0f745eaab4c35bcd9
1007,time_aware_vs_distance_oriented,makespan,time_aware,distance_oriented,90.53608495500885,182.160613294636,-91.62452833962715,-50.2987592556185,win,ea69d165b54222d53244e69b6ef8594befc6149189a269a0f745eaab4c35bcd9
1007,time_aware_vs_distance_oriented,total_travel_time,time_aware,distance_oriented,160.62753541763587,96.37635221653636,64.25118320109951,66.66695898257416,loss,ea69d165b54222d53244e69b6ef8594befc6149189a269a0f745eaab4c35bcd9
1007,mission_completion_vs_distance_oriented,weighted_mean_delay,mission_completion,distance_oriented,24.954565132480777,64.7105082496846,-39.75594311720381,-61.436610826492135,win,ea69d165b54222d53244e69b6ef8594befc6149189a269a0f745eaab4c35bcd9
1007,mission_completion_vs_distance_oriented,high_priority_mean_delay,mission_completion,distance_oriented,21.348075910367136,55.06926678696773,-33.721190876600595,-61.234138102926025,win,ea69d165b54222d53244e69b6ef8594befc6149189a269a0f745eaab4c35bcd9
1007,mission_completion_vs_distance_oriented,mean_delay,mission_completion,distance_oriented,27.108031891061927,79.02266756331534,-51.91463567225341,-65.69587850303566,win,ea69d165b54222d53244e69b6ef8594befc6149189a269a0f745eaab4c35bcd9
1007,mission_completion_vs_distance_oriented,makespan,mission_completion,distance_oriented,84.86204948441056,182.160613294636,-97.29856381022543,-53.41361233388565,win,ea69d165b54222d53244e69b6ef8594befc6149189a269a0f745eaab4c35bcd9
1007,mission_completion_vs_distance_oriented,total_travel_time,mission_completion,distance_oriented,162.09129874306012,96.37635221653636,65.71494652652376,68.18575824376171,loss,ea69d165b54222d53244e69b6ef8594befc6149189a269a0f745eaab4c35bcd9
1008,time_aware_vs_mission_completion,weighted_mean_delay,time_aware,mission_completion,19.247307023455743,23.200413524519863,-3.95310650106412,-17.038948451872173,win,130410a7df0436f226a401880941e077afad804faf45245d2c0e49964e8989a7
1008,time_aware_vs_mission_completion,high_priority_mean_delay,time_aware,mission_completion,13.498625965504738,24.19464628821217,-10.696020322707431,-44.20821116909083,win,130410a7df0436f226a401880941e077afad804faf45245d2c0e49964e8989a7
1008,time_aware_vs_mission_completion,mean_delay,time_aware,mission_completion,26.96903352147059,27.30299811115372,-0.3339645896831307,-1.223179184657749,win,130410a7df0436f226a401880941e077afad804faf45245d2c0e49964e8989a7
1008,time_aware_vs_mission_completion,makespan,time_aware,mission_completion,85.57256928861848,88.27325939583751,-2.7006901072190317,-3.0594657155555103,win,130410a7df0436f226a401880941e077afad804faf45245d2c0e49964e8989a7
1008,time_aware_vs_mission_completion,total_travel_time,time_aware,mission_completion,163.49986420522217,158.9191103990345,4.5807538061876585,2.8824436499082546,loss,130410a7df0436f226a401880941e077afad804faf45245d2c0e49964e8989a7
1008,time_aware_vs_distance_oriented,weighted_mean_delay,time_aware,distance_oriented,19.247307023455743,80.32951722340054,-61.0822101999448,-76.03955844782686,win,130410a7df0436f226a401880941e077afad804faf45245d2c0e49964e8989a7
1008,time_aware_vs_distance_oriented,high_priority_mean_delay,time_aware,distance_oriented,13.498625965504738,84.33559900145676,-70.83697303595201,-83.99415415870637,win,130410a7df0436f226a401880941e077afad804faf45245d2c0e49964e8989a7
1008,time_aware_vs_distance_oriented,mean_delay,time_aware,distance_oriented,26.96903352147059,87.53631072525384,-60.56727720378325,-69.19103250065331,win,130410a7df0436f226a401880941e077afad804faf45245d2c0e49964e8989a7
1008,time_aware_vs_distance_oriented,makespan,time_aware,distance_oriented,85.57256928861848,193.6355547053404,-108.06298541672193,-55.80740870712706,win,130410a7df0436f226a401880941e077afad804faf45245d2c0e49964e8989a7
1008,time_aware_vs_distance_oriented,total_travel_time,time_aware,distance_oriented,163.49986420522217,114.55333209488438,48.946532110337785,42.72816094934317,loss,130410a7df0436f226a401880941e077afad804faf45245d2c0e49964e8989a7
1008,mission_completion_vs_distance_oriented,weighted_mean_delay,mission_completion,distance_oriented,23.200413524519863,80.32951722340054,-57.129103698880684,-71.1184452160987,win,130410a7df0436f226a401880941e077afad804faf45245d2c0e49964e8989a7
1008,mission_completion_vs_distance_oriented,high_priority_mean_delay,mission_completion,distance_oriented,24.19464628821217,84.33559900145676,-60.14095271324459,-71.31146683644917,win,130410a7df0436f226a401880941e077afad804faf45245d2c0e49964e8989a7
1008,mission_completion_vs_distance_oriented,mean_delay,mission_completion,distance_oriented,27.30299811115372,87.53631072525384,-60.23331261410012,-68.80951700506505,win,130410a7df0436f226a401880941e077afad804faf45245d2c0e49964e8989a7
1008,mission_completion_vs_distance_oriented,makespan,mission_completion,distance_oriented,88.27325939583751,193.6355547053404,-105.3622953095029,-54.412680289957635,win,130410a7df0436f226a401880941e077afad804faf45245d2c0e49964e8989a7
1008,mission_completion_vs_distance_oriented,total_travel_time,mission_completion,distance_oriented,158.9191103990345,114.55333209488438,44.365778304150126,38.729365172374045,loss,130410a7df0436f226a401880941e077afad804faf45245d2c0e49964e8989a7
1009,time_aware_vs_mission_completion,weighted_mean_delay,time_aware,mission_completion,17.160853598536203,19.7803046133874,-2.6194510148511974,-13.24272333540476,win,59d5fc10227424859a17932f916a88e8931935be60d343322b2bef07f5be18c9
1009,time_aware_vs_mission_completion,high_priority_mean_delay,time_aware,mission_completion,15.57445543248398,21.59684393493125,-6.022388502447271,-27.88550271786016,win,59d5fc10227424859a17932f916a88e8931935be60d343322b2bef07f5be18c9
1009,time_aware_vs_mission_completion,mean_delay,time_aware,mission_completion,20.383994594323056,18.283874145718507,2.1001204486045495,11.48618958907202,loss,59d5fc10227424859a17932f916a88e8931935be60d343322b2bef07f5be18c9
1009,time_aware_vs_mission_completion,makespan,time_aware,mission_completion,85.02773188245476,84.73788036459476,0.28985151786000074,0.34205660634049406,loss,59d5fc10227424859a17932f916a88e8931935be60d343322b2bef07f5be18c9
1009,time_aware_vs_mission_completion,total_travel_time,time_aware,mission_completion,169.0054095953113,150.52281288715275,18.482596708158553,12.278933906194665,loss,59d5fc10227424859a17932f916a88e8931935be60d343322b2bef07f5be18c9
1009,time_aware_vs_distance_oriented,weighted_mean_delay,time_aware,distance_oriented,17.160853598536203,66.76229730634066,-49.60144370780445,-74.29559153755127,win,59d5fc10227424859a17932f916a88e8931935be60d343322b2bef07f5be18c9
1009,time_aware_vs_distance_oriented,high_priority_mean_delay,time_aware,distance_oriented,15.57445543248398,71.85353645716577,-56.279081024681794,-78.32471970009657,win,59d5fc10227424859a17932f916a88e8931935be60d343322b2bef07f5be18c9
1009,time_aware_vs_distance_oriented,mean_delay,time_aware,distance_oriented,20.383994594323056,61.07610154959601,-40.692106955272955,-66.6252526321273,win,59d5fc10227424859a17932f916a88e8931935be60d343322b2bef07f5be18c9
1009,time_aware_vs_distance_oriented,makespan,time_aware,distance_oriented,85.02773188245476,159.75775142152662,-74.73001953907186,-46.777085226928364,win,59d5fc10227424859a17932f916a88e8931935be60d343322b2bef07f5be18c9
1009,time_aware_vs_distance_oriented,total_travel_time,time_aware,distance_oriented,169.0054095953113,85.40703017838045,83.59837941693085,97.88231629448762,loss,59d5fc10227424859a17932f916a88e8931935be60d343322b2bef07f5be18c9
1009,mission_completion_vs_distance_oriented,weighted_mean_delay,mission_completion,distance_oriented,19.7803046133874,66.76229730634066,-46.981992692953256,-70.37204318685302,win,59d5fc10227424859a17932f916a88e8931935be60d343322b2bef07f5be18c9
1009,mission_completion_vs_distance_oriented,high_priority_mean_delay,mission_completion,distance_oriented,21.59684393493125,71.85353645716577,-50.25669252223452,-69.94324148846059,win,59d5fc10227424859a17932f916a88e8931935be60d343322b2bef07f5be18c9
1009,mission_completion_vs_distance_oriented,mean_delay,mission_completion,distance_oriented,18.283874145718507,61.07610154959601,-42.792227403877504,-70.06378324446374,win,59d5fc10227424859a17932f916a88e8931935be60d343322b2bef07f5be18c9
1009,mission_completion_vs_distance_oriented,makespan,mission_completion,distance_oriented,84.73788036459476,159.75775142152662,-75.01987105693186,-46.95851712320939,win,59d5fc10227424859a17932f916a88e8931935be60d343322b2bef07f5be18c9
1009,mission_completion_vs_distance_oriented,total_travel_time,mission_completion,distance_oriented,150.52281288715275,85.40703017838045,65.1157827087723,76.24171285756218,loss,59d5fc10227424859a17932f916a88e8931935be60d343322b2bef07f5be18c9
1010,time_aware_vs_mission_completion,weighted_mean_delay,time_aware,mission_completion,22.685211443543903,26.48108889860208,-3.7958774550581786,-14.334295200597133,win,1869ca5c28bbda9783a20b243d73b3d93d0c9dc2e12806f72db45732b060479d
1010,time_aware_vs_mission_completion,high_priority_mean_delay,time_aware,mission_completion,20.237213164362664,26.313287625135487,-6.076074460772823,-23.091278244413356,win,1869ca5c28bbda9783a20b243d73b3d93d0c9dc2e12806f72db45732b060479d
1010,time_aware_vs_mission_completion,mean_delay,time_aware,mission_completion,25.121545531844056,26.077585560287577,-0.9560400284435211,-3.6661370594808167,win,1869ca5c28bbda9783a20b243d73b3d93d0c9dc2e12806f72db45732b060479d
1010,time_aware_vs_mission_completion,makespan,time_aware,mission_completion,96.43878162539588,94.04922932711966,2.3895522982762145,2.5407462829545726,loss,1869ca5c28bbda9783a20b243d73b3d93d0c9dc2e12806f72db45732b060479d
1010,time_aware_vs_mission_completion,total_travel_time,time_aware,mission_completion,187.4517518973709,180.8832812604084,6.568470636962502,3.631330983821667,loss,1869ca5c28bbda9783a20b243d73b3d93d0c9dc2e12806f72db45732b060479d
1010,time_aware_vs_distance_oriented,weighted_mean_delay,time_aware,distance_oriented,22.685211443543903,76.55655003154006,-53.87133858799615,-70.36803325881591,win,1869ca5c28bbda9783a20b243d73b3d93d0c9dc2e12806f72db45732b060479d
1010,time_aware_vs_distance_oriented,high_priority_mean_delay,time_aware,distance_oriented,20.237213164362664,71.27043312771923,-51.033219963356565,-71.60503693292164,win,1869ca5c28bbda9783a20b243d73b3d93d0c9dc2e12806f72db45732b060479d
1010,time_aware_vs_distance_oriented,mean_delay,time_aware,distance_oriented,25.121545531844056,81.38043211849818,-56.25888658665412,-69.13072973701524,win,1869ca5c28bbda9783a20b243d73b3d93d0c9dc2e12806f72db45732b060479d
1010,time_aware_vs_distance_oriented,makespan,time_aware,distance_oriented,96.43878162539588,196.5270097011746,-100.08822807577872,-50.92848470445155,win,1869ca5c28bbda9783a20b243d73b3d93d0c9dc2e12806f72db45732b060479d
1010,time_aware_vs_distance_oriented,total_travel_time,time_aware,distance_oriented,187.4517518973709,107.76239359815328,79.68935829921763,73.9491353508533,loss,1869ca5c28bbda9783a20b243d73b3d93d0c9dc2e12806f72db45732b060479d
1010,mission_completion_vs_distance_oriented,weighted_mean_delay,mission_completion,distance_oriented,26.48108889860208,76.55655003154006,-50.075461132937974,-65.4097671751244,win,1869ca5c28bbda9783a20b243d73b3d93d0c9dc2e12806f72db45732b060479d
1010,mission_completion_vs_distance_oriented,high_priority_mean_delay,mission_completion,distance_oriented,26.313287625135487,71.27043312771923,-44.95714550258374,-63.07965804279439,win,1869ca5c28bbda9783a20b243d73b3d93d0c9dc2e12806f72db45732b060479d
1010,mission_completion_vs_distance_oriented,mean_delay,mission_completion,distance_oriented,26.077585560287577,81.38043211849818,-55.302846558210604,-67.95595098055517,win,1869ca5c28bbda9783a20b243d73b3d93d0c9dc2e12806f72db45732b060479d
1010,mission_completion_vs_distance_oriented,makespan,mission_completion,distance_oriented,94.04922932711966,196.5270097011746,-102.47778037405493,-52.14437472481547,win,1869ca5c28bbda9783a20b243d73b3d93d0c9dc2e12806f72db45732b060479d
1010,mission_completion_vs_distance_oriented,total_travel_time,mission_completion,distance_oriented,180.8832812604084,107.76239359815328,73.12088766225513,67.85380801295435,loss,1869ca5c28bbda9783a20b243d73b3d93d0c9dc2e12806f72db45732b060479d
1011,time_aware_vs_mission_completion,weighted_mean_delay,time_aware,mission_completion,17.517635224424367,22.32705705380739,-4.809421829383023,-21.540778158950786,win,84e1ef84e26c149f9976481e51b4d6bcd4ca3f787ac6e8c54689347ecc9d2b53
1011,time_aware_vs_mission_completion,high_priority_mean_delay,time_aware,mission_completion,13.835358399838457,25.84576589468616,-12.010407494847703,-46.46953603072378,win,84e1ef84e26c149f9976481e51b4d6bcd4ca3f787ac6e8c54689347ecc9d2b53
1011,time_aware_vs_mission_completion,mean_delay,time_aware,mission_completion,23.435682997639372,20.647880612916737,2.787802384722635,13.501639403022622,loss,84e1ef84e26c149f9976481e51b4d6bcd4ca3f787ac6e8c54689347ecc9d2b53
1011,time_aware_vs_mission_completion,makespan,time_aware,mission_completion,83.46754228911617,78.48638159642215,4.981160692694019,6.346528647870662,loss,84e1ef84e26c149f9976481e51b4d6bcd4ca3f787ac6e8c54689347ecc9d2b53
1011,time_aware_vs_mission_completion,total_travel_time,time_aware,mission_completion,164.59555890584008,148.5052572804959,16.090301625344182,10.834836368757578,loss,84e1ef84e26c149f9976481e51b4d6bcd4ca3f787ac6e8c54689347ecc9d2b53
1011,time_aware_vs_distance_oriented,weighted_mean_delay,time_aware,distance_oriented,17.517635224424367,80.89750333143448,-63.37986810701011,-78.34588892977922,win,84e1ef84e26c149f9976481e51b4d6bcd4ca3f787ac6e8c54689347ecc9d2b53
1011,time_aware_vs_distance_oriented,high_priority_mean_delay,time_aware,distance_oriented,13.835358399838457,71.48826296606167,-57.652904566223214,-80.64667145933221,win,84e1ef84e26c149f9976481e51b4d6bcd4ca3f787ac6e8c54689347ecc9d2b53
1011,time_aware_vs_distance_oriented,mean_delay,time_aware,distance_oriented,23.435682997639372,80.31200941593268,-56.8763264182933,-70.81920478882938,win,84e1ef84e26c149f9976481e51b4d6bcd4ca3f787ac6e8c54689347ecc9d2b53
1011,time_aware_vs_distance_oriented,makespan,time_aware,distance_oriented,83.46754228911617,175.19550340129723,-91.72796111218106,-52.357485969301344,win,84e1ef84e26c149f9976481e51b4d6bcd4ca3f787ac6e8c54689347ecc9d2b53
1011,time_aware_vs_distance_oriented,total_travel_time,time_aware,distance_oriented,164.59555890584008,95.52350709706964,69.07205180877044,72.30895714348134,loss,84e1ef84e26c149f9976481e51b4d6bcd4ca3f787ac6e8c54689347ecc9d2b53
1011,mission_completion_vs_distance_oriented,weighted_mean_delay,mission_completion,distance_oriented,22.32705705380739,80.89750333143448,-58.570446277627084,-72.40080826433648,win,84e1ef84e26c149f9976481e51b4d6bcd4ca3f787ac6e8c54689347ecc9d2b53
1011,mission_completion_vs_distance_oriented,high_priority_mean_delay,mission_completion,distance_oriented,25.84576589468616,71.48826296606167,-45.64249707137551,-63.84614085957554,win,84e1ef84e26c149f9976481e51b4d6bcd4ca3f787ac6e8c54689347ecc9d2b53
1011,mission_completion_vs_distance_oriented,mean_delay,mission_completion,distance_oriented,20.647880612916737,80.31200941593268,-59.66412880301594,-74.29041962331911,win,84e1ef84e26c149f9976481e51b4d6bcd4ca3f787ac6e8c54689347ecc9d2b53
1011,mission_completion_vs_distance_oriented,makespan,mission_completion,distance_oriented,78.48638159642215,175.19550340129723,-96.70912180487508,-55.20068719078722,win,84e1ef84e26c149f9976481e51b4d6bcd4ca3f787ac6e8c54689347ecc9d2b53
1011,mission_completion_vs_distance_oriented,total_travel_time,mission_completion,distance_oriented,148.5052572804959,95.52350709706964,52.98175018342626,55.46461995955294,loss,84e1ef84e26c149f9976481e51b4d6bcd4ca3f787ac6e8c54689347ecc9d2b53
1012,time_aware_vs_mission_completion,weighted_mean_delay,time_aware,mission_completion,18.24236317171209,22.08628692353808,-3.84392375182599,-17.40411942094891,win,5aa74fa4f62493624adc083d7764a9479d1906f1685d15b69cc5c48ea98be7dc
1012,time_aware_vs_mission_completion,high_priority_mean_delay,time_aware,mission_completion,14.956002999806543,19.92200142503241,-4.965998425225866,-24.92720645520076,win,5aa74fa4f62493624adc083d7764a9479d1906f1685d15b69cc5c48ea98be7dc
1012,time_aware_vs_mission_completion,mean_delay,time_aware,mission_completion,21.73830817710193,22.982375029966025,-1.2440668528640941,-5.41313441818782,win,5aa74fa4f62493624adc083d7764a9479d1906f1685d15b69cc5c48ea98be7dc
1012,time_aware_vs_mission_completion,makespan,time_aware,mission_completion,94.47697206022563,85.21371788085283,9.263254179372808,10.870613804604602,loss,5aa74fa4f62493624adc083d7764a9479d1906f1685d15b69cc5c48ea98be7dc
1012,time_aware_vs_mission_completion,total_travel_time,time_aware,mission_completion,172.91973869995098,169.70807185775178,3.2116668421992074,1.892465577530812,loss,5aa74fa4f62493624adc083d7764a9479d1906f1685d15b69cc5c48ea98be7dc
1012,time_aware_vs_distance_oriented,weighted_mean_delay,time_aware,distance_oriented,18.24236317171209,78.7670690740199,-60.524705902307815,-76.84011429374226,win,5aa74fa4f62493624adc083d7764a9479d1906f1685d15b69cc5c48ea98be7dc
1012,time_aware_vs_distance_oriented,high_priority_mean_delay,time_aware,distance_oriented,14.956002999806543,93.21235286305728,-78.25634986325073,-83.95491311996048,win,5aa74fa4f62493624adc083d7764a9479d1906f1685d15b69cc5c48ea98be7dc
1012,time_aware_vs_distance_oriented,mean_delay,time_aware,distance_oriented,21.73830817710193,71.03869375561862,-49.300385578516696,-69.39934136192842,win,5aa74fa4f62493624adc083d7764a9479d1906f1685d15b69cc5c48ea98be7dc
1012,time_aware_vs_distance_oriented,makespan,time_aware,distance_oriented,94.47697206022563,175.1583998565804,-80.68142779635475,-46.06198039170069,win,5aa74fa4f62493624adc083d7764a9479d1906f1685d15b69cc5c48ea98be7dc
1012,time_aware_vs_distance_oriented,total_travel_time,time_aware,distance_oriented,172.91973869995098,98.7077718646948,74.21196683525618,75.1835092954822,loss,5aa74fa4f62493624adc083d7764a9479d1906f1685d15b69cc5c48ea98be7dc
1012,mission_completion_vs_distance_oriented,weighted_mean_delay,mission_completion,distance_oriented,22.08628692353808,78.7670690740199,-56.68078215048182,-71.9599990412454,win,5aa74fa4f62493624adc083d7764a9479d1906f1685d15b69cc5c48ea98be7dc
1012,mission_completion_vs_distance_oriented,high_priority_mean_delay,mission_completion,distance_oriented,19.92200142503241,93.21235286305728,-73.29035143802487,-78.62729475963259,win,5aa74fa4f62493624adc083d7764a9479d1906f1685d15b69cc5c48ea98be7dc
1012,mission_completion_vs_distance_oriented,mean_delay,mission_completion,distance_oriented,22.982375029966025,71.03869375561862,-48.0563187256526,-67.64808892879131,win,5aa74fa4f62493624adc083d7764a9479d1906f1685d15b69cc5c48ea98be7dc
1012,mission_completion_vs_distance_oriented,makespan,mission_completion,distance_oriented,85.21371788085283,175.1583998565804,-89.94468197572756,-51.350481649395185,win,5aa74fa4f62493624adc083d7764a9479d1906f1685d15b69cc5c48ea98be7dc
1012,mission_completion_vs_distance_oriented,total_travel_time,mission_completion,distance_oriented,169.70807185775178,98.7077718646948,71.00029999305697,71.92979706844332,loss,5aa74fa4f62493624adc083d7764a9479d1906f1685d15b69cc5c48ea98be7dc
1013,time_aware_vs_mission_completion,weighted_mean_delay,time_aware,mission_completion,19.42628827445309,24.241414536023225,-4.815126261570136,-19.863223139948218,win,ccf8aa59af2d36542617beb6743dc515a8699a45c84e583f1ce89d37960154f2
1013,time_aware_vs_mission_completion,high_priority_mean_delay,time_aware,mission_completion,16.391186719462816,22.00747474458395,-5.616288025121133,-25.519911258802214,win,ccf8aa59af2d36542617beb6743dc515a8699a45c84e583f1ce89d37960154f2
1013,time_aware_vs_mission_completion,mean_delay,time_aware,mission_completion,23.65501550630001,25.75548806280778,-2.1004725565077678,-8.155436819467443,win,ccf8aa59af2d36542617beb6743dc515a8699a45c84e583f1ce89d37960154f2
1013,time_aware_vs_mission_completion,makespan,time_aware,mission_completion,88.88643608837715,78.7210004618881,10.165435626489057,12.913244962391632,loss,ccf8aa59af2d36542617beb6743dc515a8699a45c84e583f1ce89d37960154f2
1013,time_aware_vs_mission_completion,total_travel_time,time_aware,mission_completion,164.53347187319696,154.91539337174476,9.618078501452203,6.2086008963434995,loss,ccf8aa59af2d36542617beb6743dc515a8699a45c84e583f1ce89d37960154f2
1013,time_aware_vs_distance_oriented,weighted_mean_delay,time_aware,distance_oriented,19.42628827445309,81.07479259410356,-61.64850431965047,-76.03905276488375,win,ccf8aa59af2d36542617beb6743dc515a8699a45c84e583f1ce89d37960154f2
1013,time_aware_vs_distance_oriented,high_priority_mean_delay,time_aware,distance_oriented,16.391186719462816,81.29069876043788,-64.89951204097505,-79.83633186895423,win,ccf8aa59af2d36542617beb6743dc515a8699a45c84e583f1ce89d37960154f2
1013,time_aware_vs_distance_oriented,mean_delay,time_aware,distance_oriented,23.65501550630001,81.7337814219251,-58.07876591562509,-71.05845943406388,win,ccf8aa59af2d36542617beb6743dc515a8699a45c84e583f1ce89d37960154f2
1013,time_aware_vs_distance_oriented,makespan,time_aware,distance_oriented,88.88643608837715,182.4989995670262,-93.61256347864905,-51.29483652005887,win,ccf8aa59af2d36542617beb6743dc515a8699a45c84e583f1ce89d37960154f2
1013,time_aware_vs_distance_oriented,total_travel_time,time_aware,distance_oriented,164.53347187319696,106.13269805428378,58.40077381891318,55.02618409742386,loss,ccf8aa59af2d36542617beb6743dc515a8699a45c84e583f1ce89d37960154f2
1013,mission_completion_vs_distance_oriented,weighted_mean_delay,mission_completion,distance_oriented,24.241414536023225,81.07479259410356,-56.83337805808033,-70.09993641625884,win,ccf8aa59af2d36542617beb6743dc515a8699a45c84e583f1ce89d37960154f2
1013,mission_completion_vs_distance_oriented,high_priority_mean_delay,mission_completion,distance_oriented,22.00747474458395,81.29069876043788,-59.28322401585393,-72.92743809542154,win,ccf8aa59af2d36542617beb6743dc515a8699a45c84e583f1ce89d37960154f2
1013,mission_completion_vs_distance_oriented,mean_delay,mission_completion,distance_oriented,25.75548806280778,81.7337814219251,-55.97829335911732,-68.48856419617597,win,ccf8aa59af2d36542617beb6743dc515a8699a45c84e583f1ce89d37960154f2
1013,mission_completion_vs_distance_oriented,makespan,mission_completion,distance_oriented,78.7210004618881,182.4989995670262,-103.77799910513811,-56.86496876769107,win,ccf8aa59af2d36542617beb6743dc515a8699a45c84e583f1ce89d37960154f2
1013,mission_completion_vs_distance_oriented,total_travel_time,mission_completion,distance_oriented,154.91539337174476,106.13269805428378,48.78269531746098,45.96386995882273,loss,ccf8aa59af2d36542617beb6743dc515a8699a45c84e583f1ce89d37960154f2
1014,time_aware_vs_mission_completion,weighted_mean_delay,time_aware,mission_completion,19.80875880068216,27.527206895268368,-7.718448094586208,-28.039343490068823,win,3aaedda4226c8e220424c1bc8f1d03665ebe9998cf567a34dad06e65f472bc41
1014,time_aware_vs_mission_completion,high_priority_mean_delay,time_aware,mission_completion,16.762587687082537,23.036896401376573,-6.274308714294037,-27.23591149161531,win,3aaedda4226c8e220424c1bc8f1d03665ebe9998cf567a34dad06e65f472bc41
1014,time_aware_vs_mission_completion,mean_delay,time_aware,mission_completion,22.91649263143353,27.556933548533955,-4.640440917100424,-16.83946767490499,win,3aaedda4226c8e220424c1bc8f1d03665ebe9998cf567a34dad06e65f472bc41
1014,time_aware_vs_mission_completion,makespan,time_aware,mission_completion,82.3641169732204,83.04751116383588,-0.6833941906154735,-0.8228954498916595,win,3aaedda4226c8e220424c1bc8f1d03665ebe9998cf567a34dad06e65f472bc41
1014,time_aware_vs_mission_completion,total_travel_time,time_aware,mission_completion,169.71244842487943,167.52158107834902,2.1908673465304105,1.3078120039386165,loss,3aaedda4226c8e220424c1bc8f1d03665ebe9998cf567a34dad06e65f472bc41
1014,time_aware_vs_distance_oriented,weighted_mean_delay,time_aware,distance_oriented,19.80875880068216,74.2572098343765,-54.44845103369434,-73.3241272532813,win,3aaedda4226c8e220424c1bc8f1d03665ebe9998cf567a34dad06e65f472bc41
1014,time_aware_vs_distance_oriented,high_priority_mean_delay,time_aware,distance_oriented,16.762587687082537,65.79658892517827,-49.03400123809573,-74.523622028272,win,3aaedda4226c8e220424c1bc8f1d03665ebe9998cf567a34dad06e65f472bc41
1014,time_aware_vs_distance_oriented,mean_delay,time_aware,distance_oriented,22.91649263143353,73.9763622345371,-51.05986960310358,-69.02187139348874,win,3aaedda4226c8e220424c1bc8f1d03665ebe9998cf567a34dad06e65f472bc41
1014,time_aware_vs_distance_oriented,makespan,time_aware,distance_oriented,82.3641169732204,173.03542247733978,-90.67130550411937,-52.40043004257896,win,3aaedda4226c8e220424c1bc8f1d03665ebe9998cf567a34dad06e65f472bc41
1014,time_aware_vs_distance_oriented,total_travel_time,time_aware,distance_oriented,169.71244842487943,98.66310826427993,71.0493401605995,72.01206348606621,loss,3aaedda4226c8e220424c1bc8f1d03665ebe9998cf567a34dad06e65f472bc41
1014,mission_completion_vs_distance_oriented,weighted_mean_delay,mission_completion,distance_oriented,27.527206895268368,74.2572098343765,-46.73000293910813,-62.92992026408597,win,3aaedda4226c8e220424c1bc8f1d03665ebe9998cf567a34dad06e65f472bc41
1014,mission_completion_vs_distance_oriented,high_priority_mean_delay,mission_completion,distance_oriented,23.036896401376573,65.79658892517827,-42.7596925238017,-64.98770410792362,win,3aaedda4226c8e220424c1bc8f1d03665ebe9998cf567a34dad06e65f472bc41
1014,mission_completion_vs_distance_oriented,mean_delay,mission_completion,distance_oriented,27.556933548533955,73.9763622345371,-46.41942868600315,-62.74900155110825,win,3aaedda4226c8e220424c1bc8f1d03665ebe9998cf567a34dad06e65f472bc41
1014,mission_completion_vs_distance_oriented,makespan,mission_completion,distance_oriented,83.04751116383588,173.03542247733978,-89.9879113135039,-52.00548536545369,win,3aaedda4226c8e220424c1bc8f1d03665ebe9998cf567a34dad06e65f472bc41
1014,mission_completion_vs_distance_oriented,total_travel_time,mission_completion,distance_oriented,167.52158107834902,98.66310826427993,68.85847281406909,69.79150974001766,loss,3aaedda4226c8e220424c1bc8f1d03665ebe9998cf567a34dad06e65f472bc41
1015,time_aware_vs_mission_completion,weighted_mean_delay,time_aware,mission_completion,18.906323820050904,22.906191769002543,-3.999867948951639,-17.46195085280129,win,082327ff86e78dc801d3de3348edd45a8681c49616b965751f7f852f4b1a5869
1015,time_aware_vs_mission_completion,high_priority_mean_delay,time_aware,mission_completion,16.74597031080381,21.840291223004417,-5.094320912200608,-23.32533417335915,win,082327ff86e78dc801d3de3348edd45a8681c49616b965751f7f852f4b1a5869
1015,time_aware_vs_mission_completion,mean_delay,time_aware,mission_completion,23.878021282643303,24.358943227961166,-0.4809219453178635,-1.974313667129132,win,082327ff86e78dc801d3de3348edd45a8681c49616b965751f7f852f4b1a5869
1015,time_aware_vs_mission_completion,makespan,time_aware,mission_completion,87.61040532380888,86.39854065568605,1.2118646681228284,1.4026448351162901,loss,082327ff86e78dc801d3de3348edd45a8681c49616b965751f7f852f4b1a5869
1015,time_aware_vs_mission_completion,total_travel_time,time_aware,mission_completion,173.79392508246676,163.18822373823707,10.605701344229686,6.499060472183224,loss,082327ff86e78dc801d3de3348edd45a8681c49616b965751f7f852f4b1a5869
1015,time_aware_vs_distance_oriented,weighted_mean_delay,time_aware,distance_oriented,18.906323820050904,81.68794654693455,-62.781622726883654,-76.85543018370758,win,082327ff86e78dc801d3de3348edd45a8681c49616b965751f7f852f4b1a5869
1015,time_aware_vs_distance_oriented,high_priority_mean_delay,time_aware,distance_oriented,16.74597031080381,78.82523520391364,-62.07926489310982,-78.75557203542301,win,082327ff86e78dc801d3de3348edd45a8681c49616b965751f7f852f4b1a5869
1015,time_aware_vs_distance_oriented,mean_delay,time_aware,distance_oriented,23.878021282643303,81.87491463973159,-57.99689335708828,-70.8359741347981,win,082327ff86e78dc801d3de3348edd45a8681c49616b965751f7f852f4b1a5869
1015,time_aware_vs_distance_oriented,makespan,time_aware,distance_oriented,87.61040532380888,199.29374250874616,-111.68333718493729,-56.0395603891256,win,082327ff86e78dc801d3de3348edd45a8681c49616b965751f7f852f4b1a5869
1015,time_aware_vs_distance_oriented,total_travel_time,time_aware,distance_oriented,173.79392508246676,116.25663465656406,57.5372904259027,49.49161877588725,loss,082327ff86e78dc801d3de3348edd45a8681c49616b965751f7f852f4b1a5869
1015,mission_completion_vs_distance_oriented,weighted_mean_delay,mission_completion,distance_oriented,22.906191769002543,81.68794654693455,-58.78175477793201,-71.9589085816454,win,082327ff86e78dc801d3de3348edd45a8681c49616b965751f7f852f4b1a5869
1015,mission_completion_vs_distance_oriented,high_priority_mean_delay,mission_completion,distance_oriented,21.840291223004417,78.82523520391364,-56.98494398090922,-72.29276745384192,win,082327ff86e78dc801d3de3348edd45a8681c49616b965751f7f852f4b1a5869
1015,mission_completion_vs_distance_oriented,mean_delay,mission_completion,distance_oriented,24.358943227961166,81.87491463973159,-57.51597141177042,-70.24858794034033,win,082327ff86e78dc801d3de3348edd45a8681c49616b965751f7f852f4b1a5869
1015,mission_completion_vs_distance_oriented,makespan,mission_completion,distance_oriented,86.39854065568605,199.29374250874616,-112.89520185306012,-56.64764002718531,win,082327ff86e78dc801d3de3348edd45a8681c49616b965751f7f852f4b1a5869
1015,mission_completion_vs_distance_oriented,total_travel_time,mission_completion,distance_oriented,163.18822373823707,116.25663465656406,46.93158908167301,40.368955475370946,loss,082327ff86e78dc801d3de3348edd45a8681c49616b965751f7f852f4b1a5869
1016,time_aware_vs_mission_completion,weighted_mean_delay,time_aware,mission_completion,22.49114555282925,25.41611064418924,-2.92496509135999,-11.50831113504265,win,8949ff6dab91c6d68f83a81a44011aca1c33902b4a6ee29250d25aff197c6caf
1016,time_aware_vs_mission_completion,high_priority_mean_delay,time_aware,mission_completion,19.401320843305545,24.64494251588673,-5.243621672581185,-21.276664245416757,win,8949ff6dab91c6d68f83a81a44011aca1c33902b4a6ee29250d25aff197c6caf
1016,time_aware_vs_mission_completion,mean_delay,time_aware,mission_completion,28.28655621720281,29.36596484815043,-1.0794086309476185,-3.675713147956054,win,8949ff6dab91c6d68f83a81a44011aca1c33902b4a6ee29250d25aff197c6caf
1016,time_aware_vs_mission_completion,makespan,time_aware,mission_completion,89.73351898698142,92.4125392742728,-2.6790202872913795,-2.898979195172062,win,8949ff6dab91c6d68f83a81a44011aca1c33902b4a6ee29250d25aff197c6caf
1016,time_aware_vs_mission_completion,total_travel_time,time_aware,mission_completion,157.99283094345296,163.1214557626956,-5.128624819242646,-3.144052874750959,win,8949ff6dab91c6d68f83a81a44011aca1c33902b4a6ee29250d25aff197c6caf
1016,time_aware_vs_distance_oriented,weighted_mean_delay,time_aware,distance_oriented,22.49114555282925,83.11392181241754,-60.62277625958829,-72.9393763855949,win,8949ff6dab91c6d68f83a81a44011aca1c33902b4a6ee29250d25aff197c6caf
1016,time_aware_vs_distance_oriented,high_priority_mean_delay,time_aware,distance_oriented,19.401320843305545,87.82273560623166,-68.42141476292612,-77.90854417209833,win,8949ff6dab91c6d68f83a81a44011aca1c33902b4a6ee29250d25aff197c6caf
1016,time_aware_vs_distance_oriented,mean_delay,time_aware,distance_oriented,28.28655621720281,85.76366290973966,-57.47710669253685,-67.01801758750385,win,8949ff6dab91c6d68f83a81a44011aca1c33902b4a6ee29250d25aff197c6caf
1016,time_aware_vs_distance_oriented,makespan,time_aware,distance_oriented,89.73351898698142,187.89507043744567,-98.16155145046424,-52.24274975491938,win,8949ff6dab91c6d68f83a81a44011aca1c33902b4a6ee29250d25aff197c6caf
1016,time_aware_vs_distance_oriented,total_travel_time,time_aware,distance_oriented,157.99283094345296,98.95318243720426,59.039648506248696,59.66422408265169,loss,8949ff6dab91c6d68f83a81a44011aca1c33902b4a6ee29250d25aff197c6caf
1016,mission_completion_vs_distance_oriented,weighted_mean_delay,mission_completion,distance_oriented,25.41611064418924,83.11392181241754,-57.697811168228306,-69.42015237645546,win,8949ff6dab91c6d68f83a81a44011aca1c33902b4a6ee29250d25aff197c6caf
1016,mission_completion_vs_distance_oriented,high_priority_mean_delay,mission_completion,distance_oriented,24.64494251588673,87.82273560623166,-63.177793090344935,-71.93785601670784,win,8949ff6dab91c6d68f83a81a44011aca1c33902b4a6ee29250d25aff197c6caf
1016,mission_completion_vs_distance_oriented,mean_delay,mission_completion,distance_oriented,29.36596484815043,85.76366290973966,-56.39769806158924,-65.75943254772586,win,8949ff6dab91c6d68f83a81a44011aca1c33902b4a6ee29250d25aff197c6caf
1016,mission_completion_vs_distance_oriented,makespan,mission_completion,distance_oriented,92.4125392742728,187.89507043744567,-95.48253116317287,-50.81694316986409,win,8949ff6dab91c6d68f83a81a44011aca1c33902b4a6ee29250d25aff197c6caf
1016,mission_completion_vs_distance_oriented,total_travel_time,mission_completion,distance_oriented,163.1214557626956,98.95318243720426,64.16827332549134,64.84710420123432,loss,8949ff6dab91c6d68f83a81a44011aca1c33902b4a6ee29250d25aff197c6caf
1017,time_aware_vs_mission_completion,weighted_mean_delay,time_aware,mission_completion,24.171284396470007,31.794056767935107,-7.6227723714651,-23.975463172578866,win,72341d894d303a21a7b7385423f3ed5c4250929c5dc473e72e4685146eeb4826
1017,time_aware_vs_mission_completion,high_priority_mean_delay,time_aware,mission_completion,15.888105184939072,37.74881776771448,-21.860712582775406,-57.910986026884984,win,72341d894d303a21a7b7385423f3ed5c4250929c5dc473e72e4685146eeb4826
1017,time_aware_vs_mission_completion,mean_delay,time_aware,mission_completion,30.842056944409524,27.71149720813629,3.1305597362732343,11.296970758238498,loss,72341d894d303a21a7b7385423f3ed5c4250929c5dc473e72e4685146eeb4826
1017,time_aware_vs_mission_completion,makespan,time_aware,mission_completion,91.36918889673284,81.43535398966196,9.933834907070874,12.198430313610416,loss,72341d894d303a21a7b7385423f3ed5c4250929c5dc473e72e4685146eeb4826
1017,time_aware_vs_mission_completion,total_travel_time,time_aware,mission_completion,163.41807513102873,140.7715488497083,22.646526281320433,16.087431349852167,loss,72341d894d303a21a7b7385423f3ed5c4250929c5dc473e72e4685146eeb4826
1017,time_aware_vs_distance_oriented,weighted_mean_delay,time_aware,distance_oriented,24.171284396470007,92.99141476681582,-68.82013037034582,-74.00697208760441,win,72341d894d303a21a7b7385423f3ed5c4250929c5dc473e72e4685146eeb4826
1017,time_aware_vs_distance_oriented,high_priority_mean_delay,time_aware,distance_oriented,15.888105184939072,93.41679125888103,-77.52868607394197,-82.99223836439725,win,72341d894d303a21a7b7385423f3ed5c4250929c5dc473e72e4685146eeb4826
1017,time_aware_vs_distance_oriented,mean_delay,time_aware,distance_oriented,30.842056944409524,84.82847209583566,-53.986415151426144,-63.64185728871144,win,72341d894d303a21a7b7385423f3ed5c4250929c5dc473e72e4685146eeb4826
1017,time_aware_vs_distance_oriented,makespan,time_aware,distance_oriented,91.36918889673284,196.64445481463247,-105.27526591789963,-53.53584265426539,win,72341d894d303a21a7b7385423f3ed5c4250929c5dc473e72e4685146eeb4826
1017,time_aware_vs_distance_oriented,total_travel_time,time_aware,distance_oriented,163.41807513102873,107.88522737405331,55.532847756975414,51.47400539318993,loss,72341d894d303a21a7b7385423f3ed5c4250929c5dc473e72e4685146eeb4826
1017,mission_completion_vs_distance_oriented,weighted_mean_delay,mission_completion,distance_oriented,31.794056767935107,92.99141476681582,-61.19735799888072,-65.80968592889838,win,72341d894d303a21a7b7385423f3ed5c4250929c5dc473e72e4685146eeb4826
1017,mission_completion_vs_distance_oriented,high_priority_mean_delay,mission_completion,distance_oriented,37.74881776771448,93.41679125888103,-55.667973491166556,-59.59097153840024,win,72341d894d303a21a7b7385423f3ed5c4250929c5dc473e72e4685146eeb4826
1017,mission_completion_vs_distance_oriented,mean_delay,mission_completion,distance_oriented,27.71149720813629,84.82847209583566,-57.11697488769937,-67.3323159978303,win,72341d894d303a21a7b7385423f3ed5c4250929c5dc473e72e4685146eeb4826
1017,mission_completion_vs_distance_oriented,makespan,mission_completion,distance_oriented,81.43535398966196,196.64445481463247,-115.2091008249705,-58.587515693525525,win,72341d894d303a21a7b7385423f3ed5c4250929c5dc473e72e4685146eeb4826
1017,mission_completion_vs_distance_oriented,total_travel_time,mission_completion,distance_oriented,140.7715488497083,107.88522737405331,32.88632147565498,30.48269190890562,loss,72341d894d303a21a7b7385423f3ed5c4250929c5dc473e72e4685146eeb4826
1018,time_aware_vs_mission_completion,weighted_mean_delay,time_aware,mission_completion,17.258772275525303,18.20584879126153,-0.947076515736228,-5.202045378904867,win,b1446478e076bfc668b0fcf01ad993642d88d77d4c5d19fa6b07fcb513e6b2b7
1018,time_aware_vs_mission_completion,high_priority_mean_delay,time_aware,mission_completion,18.337884390154997,21.87900124908793,-3.5411168589329343,-16.185002316230282,win,b1446478e076bfc668b0fcf01ad993642d88d77d4c5d19fa6b07fcb513e6b2b7
1018,time_aware_vs_mission_completion,mean_delay,time_aware,mission_completion,19.06606537316047,17.655065229577293,1.411000143583177,7.992041520296099,loss,b1446478e076bfc668b0fcf01ad993642d88d77d4c5d19fa6b07fcb513e6b2b7
1018,time_aware_vs_mission_completion,makespan,time_aware,mission_completion,95.84876323401716,88.11962201327546,7.729141220741695,8.771191982164064,loss,b1446478e076bfc668b0fcf01ad993642d88d77d4c5d19fa6b07fcb513e6b2b7
1018,time_aware_vs_mission_completion,total_travel_time,time_aware,mission_completion,189.61644409799555,182.03604103575717,7.580403062238389,4.164231994448494,loss,b1446478e076bfc668b0fcf01ad993642d88d77d4c5d19fa6b07fcb513e6b2b7
1018,time_aware_vs_distance_oriented,weighted_mean_delay,time_aware,distance_oriented,17.258772275525303,61.32465626545069,-44.06588398992539,-71.85671583576635,win,b1446478e076bfc668b0fcf01ad993642d88d77d4c5d19fa6b07fcb513e6b2b7
1018,time_aware_vs_distance_oriented,high_priority_mean_delay,time_aware,distance_oriented,18.337884390154997,63.00774438200048,-44.669859991845485,-70.89582467993631,win,b1446478e076bfc668b0fcf01ad993642d88d77d4c5d19fa6b07fcb513e6b2b7
1018,time_aware_vs_distance_oriented,mean_delay,time_aware,distance_oriented,19.06606537316047,63.92357801652382,-44.85751264336335,-70.17365741286882,win,b1446478e076bfc668b0fcf01ad993642d88d77d4c5d19fa6b07fcb513e6b2b7
1018,time_aware_vs_distance_oriented,makespan,time_aware,distance_oriented,95.84876323401716,177.70740302053122,-81.85863978651406,-46.06371957225475,win,b1446478e076bfc668b0fcf01ad993642d88d77d4c5d19fa6b07fcb513e6b2b7
1018,time_aware_vs_distance_oriented,total_travel_time,time_aware,distance_oriented,189.61644409799555,104.68110807789496,84.93533602010059,81.13721528138467,loss,b1446478e076bfc668b0fcf01ad993642d88d77d4c5d19fa6b07fcb513e6b2b7
1018,mission_completion_vs_distance_oriented,weighted_mean_delay,mission_completion,distance_oriented,18.20584879126153,61.32465626545069,-43.11880747418916,-70.31235085533058,win,b1446478e076bfc668b0fcf01ad993642d88d77d4c5d19fa6b07fcb513e6b2b7
1018,mission_completion_vs_distance_oriented,high_priority_mean_delay,mission_completion,distance_oriented,21.87900124908793,63.00774438200048,-41.12874313291255,-65.27569513290157,win,b1446478e076bfc668b0fcf01ad993642d88d77d4c5d19fa6b07fcb513e6b2b7
1018,mission_completion_vs_distance_oriented,mean_delay,mission_completion,distance_oriented,17.655065229577293,63.92357801652382,-46.26851278694653,-72.3809808878133,win,b1446478e076bfc668b0fcf01ad993642d88d77d4c5d19fa6b07fcb513e6b2b7
1018,mission_completion_vs_distance_oriented,makespan,mission_completion,distance_oriented,88.11962201327546,177.70740302053122,-89.58778100725576,-50.413083239365854,win,b1446478e076bfc668b0fcf01ad993642d88d77d4c5d19fa6b07fcb513e6b2b7
1018,mission_completion_vs_distance_oriented,total_travel_time,mission_completion,distance_oriented,182.03604103575717,104.68110807789496,77.3549329578622,73.89579111094345,loss,b1446478e076bfc668b0fcf01ad993642d88d77d4c5d19fa6b07fcb513e6b2b7
1019,time_aware_vs_mission_completion,weighted_mean_delay,time_aware,mission_completion,21.719592154910647,27.412163309085624,-5.692571154174978,-20.76658850302487,win,41599d3a2ad85dcbf0373acf94c1d1426055091064071f7b16b65e88a6653bb4
1019,time_aware_vs_mission_completion,high_priority_mean_delay,time_aware,mission_completion,17.92556628529919,23.60163833193924,-5.676072046640051,-24.049483204557156,win,41599d3a2ad85dcbf0373acf94c1d1426055091064071f7b16b65e88a6653bb4
1019,time_aware_vs_mission_completion,mean_delay,time_aware,mission_completion,26.43754720059693,27.35014487567989,-0.9125976750829601,-3.3367197111063716,win,41599d3a2ad85dcbf0373acf94c1d1426055091064071f7b16b65e88a6653bb4
1019,time_aware_vs_mission_completion,makespan,time_aware,mission_completion,84.39385614910788,88.387494081051,-3.9936379319431268,-4.518329174804951,win,41599d3a2ad85dcbf0373acf94c1d1426055091064071f7b16b65e88a6653bb4
1019,time_aware_vs_mission_completion,total_travel_time,time_aware,mission_completion,167.98001513607986,168.61393306797365,-0.6339179318937909,-0.37595821434177584,win,41599d3a2ad85dcbf0373acf94c1d1426055091064071f7b16b65e88a6653bb4
1019,time_aware_vs_distance_oriented,weighted_mean_delay,time_aware,distance_oriented,21.719592154910647,82.36392385741946,-60.64433170250882,-73.62972629556901,win,41599d3a2ad85dcbf0373acf94c1d1426055091064071f7b16b65e88a6653bb4
1019,time_aware_vs_distance_oriented,high_priority_mean_delay,time_aware,distance_oriented,17.92556628529919,69.27460241560117,-51.349036130301975,-74.12389871578358,win,41599d3a2ad85dcbf0373acf94c1d1426055091064071f7b16b65e88a6653bb4
1019,time_aware_vs_distance_oriented,mean_delay,time_aware,distance_oriented,26.43754720059693,83.43545138602727,-56.997904185430336,-68.31377218985793,win,41599d3a2ad85dcbf0373acf94c1d1426055091064071f7b16b65e88a6653bb4
1019,time_aware_vs_distance_oriented,makespan,time_aware,distance_oriented,84.39385614910788,182.06051699388536,-97.66666084477748,-53.64516285980759,win,41599d3a2ad85dcbf0373acf94c1d1426055091064071f7b16b65e88a6653bb4
1019,time_aware_vs_distance_oriented,total_travel_time,time_aware,distance_oriented,167.98001513607986,103.33427677533712,64.64573836074274,62.55982078559609,loss,41599d3a2ad85dcbf0373acf94c1d1426055091064071f7b16b65e88a6653bb4
1019,mission_completion_vs_distance_oriented,weighted_mean_delay,mission_completion,distance_oriented,27.412163309085624,82.36392385741946,-54.95176054833384,-66.71824018906756,win,41599d3a2ad85dcbf0373acf94c1d1426055091064071f7b16b65e88a6653bb4
1019,mission_completion_vs_distance_oriented,high_priority_mean_delay,mission_completion,distance_oriented,23.60163833193924,69.27460241560117,-45.672964083661924,-65.93031571607551,win,41599d3a2ad85dcbf0373acf94c1d1426055091064071f7b16b65e88a6653bb4
1019,mission_completion_vs_distance_oriented,mean_delay,mission_completion,distance_oriented,27.35014487567989,83.43545138602727,-56.08530651034738,-67.2199953121364,win,41599d3a2ad85dcbf0373acf94c1d1426055091064071f7b16b65e88a6653bb4
1019,mission_completion_vs_distance_oriented,makespan,mission_completion,distance_oriented,88.387494081051,182.06051699388536,-93.67302291283436,-51.451585692234644,win,41599d3a2ad85dcbf0373acf94c1d1426055091064071f7b16b65e88a6653bb4
1019,mission_completion_vs_distance_oriented,total_travel_time,mission_completion,distance_oriented,168.61393306797365,103.33427677533712,65.27965629263653,63.17328415097292,loss,41599d3a2ad85dcbf0373acf94c1d1426055091064071f7b16b65e88a6653bb4
1020,time_aware_vs_mission_completion,weighted_mean_delay,time_aware,mission_completion,16.838435990420365,20.71225230334192,-3.873816312921555,-18.703018175848097,win,c1b2e7bffc88ced63df8b78c0569a1865011ba09f9723afd0b11e1c6cdcd1d43
1020,time_aware_vs_mission_completion,high_priority_mean_delay,time_aware,mission_completion,13.35646214609802,19.43905502806443,-6.082592881966411,-31.290579059449584,win,c1b2e7bffc88ced63df8b78c0569a1865011ba09f9723afd0b11e1c6cdcd1d43
1020,time_aware_vs_mission_completion,mean_delay,time_aware,mission_completion,21.514667017437024,22.963051150397455,-1.448384132960431,-6.307455065418699,win,c1b2e7bffc88ced63df8b78c0569a1865011ba09f9723afd0b11e1c6cdcd1d43
1020,time_aware_vs_mission_completion,makespan,time_aware,mission_completion,86.60600631907607,88.16178850723466,-1.555782188158588,-1.7646899121504536,win,c1b2e7bffc88ced63df8b78c0569a1865011ba09f9723afd0b11e1c6cdcd1d43
1020,time_aware_vs_mission_completion,total_travel_time,time_aware,mission_completion,159.16344114262637,158.3082888526288,0.8551522899975623,0.5401816267457951,loss,c1b2e7bffc88ced63df8b78c0569a1865011ba09f9723afd0b11e1c6cdcd1d43
1020,time_aware_vs_distance_oriented,weighted_mean_delay,time_aware,distance_oriented,16.838435990420365,74.2146040969578,-57.376168106537435,-77.31115567439831,win,c1b2e7bffc88ced63df8b78c0569a1865011ba09f9723afd0b11e1c6cdcd1d43
1020,time_aware_vs_distance_oriented,high_priority_mean_delay,time_aware,distance_oriented,13.35646214609802,76.30444444380073,-62.947982297702715,-82.49582675890494,win,c1b2e7bffc88ced63df8b78c0569a1865011ba09f9723afd0b11e1c6cdcd1d43
1020,time_aware_vs_distance_oriented,mean_delay,time_aware,distance_oriented,21.514667017437024,71.17488815240151,-49.66022113496449,-69.7721098326572,win,c1b2e7bffc88ced63df8b78c0569a1865011ba09f9723afd0b11e1c6cdcd1d43
1020,time_aware_vs_distance_oriented,makespan,time_aware,distance_oriented,86.60600631907607,171.35226708238645,-84.74626076331037,-49.45733266695808,win,c1b2e7bffc88ced63df8b78c0569a1865011ba09f9723afd0b11e1c6cdcd1d43
1020,time_aware_vs_distance_oriented,total_travel_time,time_aware,distance_oriented,159.16344114262637,93.2925502045528,65.87089093807357,70.60680707478289,loss,c1b2e7bffc88ced63df8b78c0569a1865011ba09f9723afd0b11e1c6cdcd1d43
1020,mission_completion_vs_distance_oriented,weighted_mean_delay,mission_completion,distance_oriented,20.71225230334192,74.2146040969578,-53.50235179361588,-72.09140632713965,win,c1b2e7bffc88ced63df8b78c0569a1865011ba09f9723afd0b11e1c6cdcd1d43
1020,mission_completion_vs_distance_oriented,high_priority_mean_delay,mission_completion,distance_oriented,19.43905502806443,76.30444444380073,-56.8653894157363,-74.52434760549032,win,c1b2e7bffc88ced63df8b78c0569a1865011ba09f9723afd0b11e1c6cdcd1d43
1020,mission_completion_vs_distance_oriented,mean_delay,mission_completion,distance_oriented,22.963051150397455,71.17488815240151,-48.21183700200405,-67.73714473392867,win,c1b2e7bffc88ced63df8b78c0569a1865011ba09f9723afd0b11e1c6cdcd1d43
1020,mission_completion_vs_distance_oriented,makespan,mission_completion,distance_oriented,88.16178850723466,171.35226708238645,-83.19047857515179,-48.54938892355224,win,c1b2e7bffc88ced63df8b78c0569a1865011ba09f9723afd0b11e1c6cdcd1d43
1020,mission_completion_vs_distance_oriented,total_travel_time,mission_completion,distance_oriented,158.3082888526288,93.2925502045528,65.01573864807601,69.6901719435505,loss,c1b2e7bffc88ced63df8b78c0569a1865011ba09f9723afd0b11e1c6cdcd1d43
1021,time_aware_vs_mission_completion,weighted_mean_delay,time_aware,mission_completion,18.056001572812967,20.755472996502316,-2.6994714236893493,-13.006070370664451,win,b6c9e6d96fcc728cdc53084c1ce42e65f086da7a8fe5437ac9d2bf41effc84ae
1021,time_aware_vs_mission_completion,high_priority_mean_delay,time_aware,mission_completion,18.15913344648985,22.079523724578163,-3.9203902780883126,-17.75577375214969,win,b6c9e6d96fcc728cdc53084c1ce42e65f086da7a8fe5437ac9d2bf41effc84ae
1021,time_aware_vs_mission_completion,mean_delay,time_aware,mission_completion,20.87368324203176,20.66250200926309,0.21118123276866996,1.022050633916437,loss,b6c9e6d96fcc728cdc53084c1ce42e65f086da7a8fe5437ac9d2bf41effc84ae
1021,time_aware_vs_mission_completion,makespan,time_aware,mission_completion,88.06123051549444,80.92810178530121,7.133128730193235,8.814155494610661,loss,b6c9e6d96fcc728cdc53084c1ce42e65f086da7a8fe5437ac9d2bf41effc84ae
1021,time_aware_vs_mission_completion,total_travel_time,time_aware,mission_completion,169.9623604869744,160.9613736342233,9.000986852751112,5.592016674264601,loss,b6c9e6d96fcc728cdc53084c1ce42e65f086da7a8fe5437ac9d2bf41effc84ae
1021,time_aware_vs_distance_oriented,weighted_mean_delay,time_aware,distance_oriented,18.056001572812967,67.17619997187151,-49.120198399058545,-73.12143053585422,win,b6c9e6d96fcc728cdc53084c1ce42e65f086da7a8fe5437ac9d2bf41effc84ae
1021,time_aware_vs_distance_oriented,high_priority_mean_delay,time_aware,distance_oriented,18.15913344648985,63.44132300035915,-45.2821895538693,-71.37648997895734,win,b6c9e6d96fcc728cdc53084c1ce42e65f086da7a8fe5437ac9d2bf41effc84ae
1021,time_aware_vs_distance_oriented,mean_delay,time_aware,distance_oriented,20.87368324203176,68.13824235620666,-47.2645591141749,-69.36568581720923,win,b6c9e6d96fcc728cdc53084c1ce42e65f086da7a8fe5437ac9d2bf41effc84ae
1021,time_aware_vs_distance_oriented,makespan,time_aware,distance_oriented,88.06123051549444,168.58750294107608,-80.52627242558164,-47.76526789991474,win,b6c9e6d96fcc728cdc53084c1ce42e65f086da7a8fe5437ac9d2bf41effc84ae
1021,time_aware_vs_distance_oriented,total_travel_time,time_aware,distance_oriented,169.9623604869744,95.14131710895768,74.82104337801673,78.64200922542433,loss,b6c9e6d96fcc728cdc53084c1ce42e65f086da7a8fe5437ac9d2bf41effc84ae
1021,mission_completion_vs_distance_oriented,weighted_mean_delay,mission_completion,distance_oriented,20.755472996502316,67.17619997187151,-46.42072697536919,-69.10293674665552,win,b6c9e6d96fcc728cdc53084c1ce42e65f086da7a8fe5437ac9d2bf41effc84ae
1021,mission_completion_vs_distance_oriented,high_priority_mean_delay,mission_completion,distance_oriented,22.079523724578163,63.44132300035915,-41.36179927578098,-65.19693682230874,win,b6c9e6d96fcc728cdc53084c1ce42e65f086da7a8fe5437ac9d2bf41effc84ae
1021,mission_completion_vs_distance_oriented,mean_delay,mission_completion,distance_oriented,20.66250200926309,68.13824235620666,-47.47574034694357,-69.67561637230732,win,b6c9e6d96fcc728cdc53084c1ce42e65f086da7a8fe5437ac9d2bf41effc84ae
1021,mission_completion_vs_distance_oriented,makespan,mission_completion,distance_oriented,80.92810178530121,168.58750294107608,-87.65940115577487,-51.99638147936337,win,b6c9e6d96fcc728cdc53084c1ce42e65f086da7a8fe5437ac9d2bf41effc84ae
1021,mission_completion_vs_distance_oriented,total_travel_time,mission_completion,distance_oriented,160.9613736342233,95.14131710895768,65.82005652526561,69.18135939813321,loss,b6c9e6d96fcc728cdc53084c1ce42e65f086da7a8fe5437ac9d2bf41effc84ae
1022,time_aware_vs_mission_completion,weighted_mean_delay,time_aware,mission_completion,18.367082410280723,21.770128776899867,-3.4030463666191437,-15.631723640652472,win,1006deff479e3c5be81834c44d75e485cc4a7a04c3724d8b8a5d969fbe8149d7
1022,time_aware_vs_mission_completion,high_priority_mean_delay,time_aware,mission_completion,12.45828189498076,17.357504186256865,-4.899222291276105,-28.22538447177883,win,1006deff479e3c5be81834c44d75e485cc4a7a04c3724d8b8a5d969fbe8149d7
1022,time_aware_vs_mission_completion,mean_delay,time_aware,mission_completion,20.506787296055005,21.230437333997948,-0.7236500379429422,-3.4085498407708505,win,1006deff479e3c5be81834c44d75e485cc4a7a04c3724d8b8a5d969fbe8149d7
1022,time_aware_vs_mission_completion,makespan,time_aware,mission_completion,82.89090460992392,84.02518696064544,-1.13428235072152,-1.3499313619531483,win,1006deff479e3c5be81834c44d75e485cc4a7a04c3724d8b8a5d969fbe8149d7
1022,time_aware_vs_mission_completion,total_travel_time,time_aware,mission_completion,159.13829352549118,165.87066429184551,-6.732370766354336,-4.058807381701256,win,1006deff479e3c5be81834c44d75e485cc4a7a04c3724d8b8a5d969fbe8149d7
1022,time_aware_vs_distance_oriented,weighted_mean_delay,time_aware,distance_oriented,18.367082410280723,74.04955098066927,-55.682468570388544,-75.19622716540782,win,1006deff479e3c5be81834c44d75e485cc4a7a04c3724d8b8a5d969fbe8149d7
1022,time_aware_vs_distance_oriented,high_priority_mean_delay,time_aware,distance_oriented,12.45828189498076,64.72757178168293,-52.26928988670217,-80.75274330234292,win,1006deff479e3c5be81834c44d75e485cc4a7a04c3724d8b8a5d969fbe8149d7
1022,time_aware_vs_distance_oriented,mean_delay,time_aware,distance_oriented,20.506787296055005,71.77296690844274,-51.26617961238773,-71.4282574911324,win,1006deff479e3c5be81834c44d75e485cc4a7a04c3724d8b8a5d969fbe8149d7
1022,time_aware_vs_distance_oriented,makespan,time_aware,distance_oriented,82.89090460992392,189.00966850074948,-106.11876389082556,-56.144621982872145,win,1006deff479e3c5be81834c44d75e485cc4a7a04c3724d8b8a5d969fbe8149d7
1022,time_aware_vs_distance_oriented,total_travel_time,time_aware,distance_oriented,159.13829352549118,109.40004733218532,49.738246193305855,45.464556374714604,loss,1006deff479e3c5be81834c44d75e485cc4a7a04c3724d8b8a5d969fbe8149d7
1022,mission_completion_vs_distance_oriented,weighted_mean_delay,mission_completion,distance_oriented,21.770128776899867,74.04955098066927,-52.2794222037694,-70.60059313177605,win,1006deff479e3c5be81834c44d75e485cc4a7a04c3724d8b8a5d969fbe8149d7
1022,mission_completion_vs_distance_oriented,high_priority_mean_delay,mission_completion,distance_oriented,17.357504186256865,64.72757178168293,-47.370067595426065,-73.18375506993944,win,1006deff479e3c5be81834c44d75e485cc4a7a04c3724d8b8a5d969fbe8149d7
1022,mission_completion_vs_distance_oriented,mean_delay,mission_completion,distance_oriented,21.230437333997948,71.77296690844274,-50.54252957444479,-70.4200087463563,win,1006deff479e3c5be81834c44d75e485cc4a7a04c3724d8b8a5d969fbe8149d7
1022,mission_completion_vs_distance_oriented,makespan,mission_completion,distance_oriented,84.02518696064544,189.00966850074948,-104.98448154010404,-55.544503290681,win,1006deff479e3c5be81834c44d75e485cc4a7a04c3724d8b8a5d969fbe8149d7
1022,mission_completion_vs_distance_oriented,total_travel_time,mission_completion,distance_oriented,165.87066429184551,109.40004733218532,56.47061695966019,51.61845752058155,loss,1006deff479e3c5be81834c44d75e485cc4a7a04c3724d8b8a5d969fbe8149d7
1023,time_aware_vs_mission_completion,weighted_mean_delay,time_aware,mission_completion,20.630407631656198,25.97114448946596,-5.3407368578097625,-20.56411822735034,win,40efeef7fc9164e156b3585d85f7516f576f310949983a94ec4dc1070f7f4f6d
1023,time_aware_vs_mission_completion,high_priority_mean_delay,time_aware,mission_completion,16.897634320773225,27.07722441921357,-10.179590098440347,-37.59465867268534,win,40efeef7fc9164e156b3585d85f7516f576f310949983a94ec4dc1070f7f4f6d
1023,time_aware_vs_mission_completion,mean_delay,time_aware,mission_completion,22.731960009595447,24.69597877246211,-1.9640187628666617,-7.952787702655023,win,40efeef7fc9164e156b3585d85f7516f576f310949983a94ec4dc1070f7f4f6d
1023,time_aware_vs_mission_completion,makespan,time_aware,mission_completion,88.11261116786527,85.77214686058471,2.3404643072805555,2.7286996920862667,loss,40efeef7fc9164e156b3585d85f7516f576f310949983a94ec4dc1070f7f4f6d
1023,time_aware_vs_mission_completion,total_travel_time,time_aware,mission_completion,170.11746531376548,167.92988395916888,2.1875813545966025,1.302675439904728,loss,40efeef7fc9164e156b3585d85f7516f576f310949983a94ec4dc1070f7f4f6d
1023,time_aware_vs_distance_oriented,weighted_mean_delay,time_aware,distance_oriented,20.630407631656198,77.2389100718069,-56.6085024401507,-73.29013626360513,win,40efeef7fc9164e156b3585d85f7516f576f310949983a94ec4dc1070f7f4f6d
1023,time_aware_vs_distance_oriented,high_priority_mean_delay,time_aware,distance_oriented,16.897634320773225,71.19102672678632,-54.2933924060131,-76.26437614726053,win,40efeef7fc9164e156b3585d85f7516f576f310949983a94ec4dc1070f7f4f6d
1023,time_aware_vs_distance_oriented,mean_delay,time_aware,distance_oriented,22.731960009595447,77.97592101332437,-55.24396100372892,-70.84746199315677,win,40efeef7fc9164e156b3585d85f7516f576f310949983a94ec4dc1070f7f4f6d
1023,time_aware_vs_distance_oriented,makespan,time_aware,distance_oriented,88.11261116786527,186.72572972744092,-98.61311855957565,-52.81174624596131,win,40efeef7fc9164e156b3585d85f7516f576f310949983a94ec4dc1070f7f4f6d
1023,time_aware_vs_distance_oriented,total_travel_time,time_aware,distance_oriented,170.11746531376548,110.5039157248161,59.61354958894938,53.94700196634014,loss,40efeef7fc9164e156b3585d85f7516f576f310949983a94ec4dc1070f7f4f6d
1023,mission_completion_vs_distance_oriented,weighted_mean_delay,mission_completion,distance_oriented,25.97114448946596,77.2389100718069,-51.26776558234094,-66.37556839509867,win,40efeef7fc9164e156b3585d85f7516f576f310949983a94ec4dc1070f7f4f6d
1023,mission_completion_vs_distance_oriented,high_priority_mean_delay,mission_completion,distance_oriented,27.07722441921357,71.19102672678632,-44.11380230757275,-61.965396954971155,win,40efeef7fc9164e156b3585d85f7516f576f310949983a94ec4dc1070f7f4f6d
1023,mission_completion_vs_distance_oriented,mean_delay,mission_completion,distance_oriented,24.69597877246211,77.97592101332437,-53.279942240862255,-68.32871166953947,win,40efeef7fc9164e156b3585d85f7516f576f310949983a94ec4dc1070f7f4f6d
1023,mission_completion_vs_distance_oriented,makespan,mission_completion,distance_oriented,85.77214686058471,186.72572972744092,-100.95358286685621,-54.06516981575905,win,40efeef7fc9164e156b3585d85f7516f576f310949983a94ec4dc1070f7f4f6d
1023,mission_completion_vs_distance_oriented,total_travel_time,mission_completion,distance_oriented,167.92988395916888,110.5039157248161,57.42596823435278,51.96736048463531,loss,40efeef7fc9164e156b3585d85f7516f576f310949983a94ec4dc1070f7f4f6d
1024,time_aware_vs_mission_completion,weighted_mean_delay,time_aware,mission_completion,19.13515829511133,24.16443702040102,-5.029278725289689,-20.812728726283506,win,3afb6d98b1bc2e233007c18c726d82d62285d32320f7e9986799c185149dfbf6
1024,time_aware_vs_mission_completion,high_priority_mean_delay,time_aware,mission_completion,13.583742347478456,22.7029155672452,-9.119173219766743,-40.167410184635045,win,3afb6d98b1bc2e233007c18c726d82d62285d32320f7e9986799c185149dfbf6
1024,time_aware_vs_mission_completion,mean_delay,time_aware,mission_completion,23.518000966681125,24.2417797927992,-0.7237788261180746,-2.9856670273569046,win,3afb6d98b1bc2e233007c18c726d82d62285d32320f7e9986799c185149dfbf6
1024,time_aware_vs_mission_completion,makespan,time_aware,mission_completion,85.63019198069664,80.67774580113078,4.952446179565854,6.138552993006952,loss,3afb6d98b1bc2e233007c18c726d82d62285d32320f7e9986799c185149dfbf6
1024,time_aware_vs_mission_completion,total_travel_time,time_aware,mission_completion,152.29714112784046,148.8190681805777,3.478072947262774,2.3371151222654247,loss,3afb6d98b1bc2e233007c18c726d82d62285d32320f7e9986799c185149dfbf6
1024,time_aware_vs_distance_oriented,weighted_mean_delay,time_aware,distance_oriented,19.13515829511133,79.63163861491458,-60.49648031980325,-75.97040745620495,win,3afb6d98b1bc2e233007c18c726d82d62285d32320f7e9986799c185149dfbf6
1024,time_aware_vs_distance_oriented,high_priority_mean_delay,time_aware,distance_oriented,13.583742347478456,95.20677211774444,-81.62302977026599,-85.73237801752262,win,3afb6d98b1bc2e233007c18c726d82d62285d32320f7e9986799c185149dfbf6
1024,time_aware_vs_distance_oriented,mean_delay,time_aware,distance_oriented,23.518000966681125,70.73464791733792,-47.216646950656795,-66.75179468742844,win,3afb6d98b1bc2e233007c18c726d82d62285d32320f7e9986799c185149dfbf6
1024,time_aware_vs_distance_oriented,makespan,time_aware,distance_oriented,85.63019198069664,175.71293062880338,-90.08273864810674,-51.26699459495562,win,3afb6d98b1bc2e233007c18c726d82d62285d32320f7e9986799c185149dfbf6
1024,time_aware_vs_distance_oriented,total_travel_time,time_aware,distance_oriented,152.29714112784046,94.80314518152346,57.493995946317,60.64566300646555,loss,3afb6d98b1bc2e233007c18c726d82d62285d32320f7e9986799c185149dfbf6
1024,mission_completion_vs_distance_oriented,weighted_mean_delay,mission_completion,distance_oriented,24.16443702040102,79.63163861491458,-55.467201594513554,-69.65472839601324,win,3afb6d98b1bc2e233007c18c726d82d62285d32320f7e9986799c185149dfbf6
1024,mission_completion_vs_distance_oriented,high_priority_mean_delay,mission_completion,distance_oriented,22.7029155672452,95.20677211774444,-72.50385655049924,-76.15409590909356,win,3afb6d98b1bc2e233007c18c726d82d62285d32320f7e9986799c185149dfbf6
1024,mission_completion_vs_distance_oriented,mean_delay,mission_completion,distance_oriented,24.2417797927992,70.73464791733792,-46.492868124538724,-65.72856371444912,win,3afb6d98b1bc2e233007c18c726d82d62285d32320f7e9986799c185149dfbf6
1024,mission_completion_vs_distance_oriented,makespan,mission_completion,distance_oriented,80.67774580113078,175.71293062880338,-95.0351848276726,-54.08548163620131,win,3afb6d98b1bc2e233007c18c726d82d62285d32320f7e9986799c185149dfbf6
1024,mission_completion_vs_distance_oriented,total_travel_time,mission_completion,distance_oriented,148.8190681805777,94.80314518152346,54.015922999054226,56.97693140415091,loss,3afb6d98b1bc2e233007c18c726d82d62285d32320f7e9986799c185149dfbf6
1025,time_aware_vs_mission_completion,weighted_mean_delay,time_aware,mission_completion,18.9867809932825,22.70032851252695,-3.7135475192444503,-16.35900342673528,win,ae06e3fb6abd3b28fbf2fc6ceb91a8ad345125ab121f877b016070f42369f017
1025,time_aware_vs_mission_completion,high_priority_mean_delay,time_aware,mission_completion,18.094073059891823,24.265237856036567,-6.171164796144744,-25.43212159203919,win,ae06e3fb6abd3b28fbf2fc6ceb91a8ad345125ab121f877b016070f42369f017
1025,time_aware_vs_mission_completion,mean_delay,time_aware,mission_completion,22.072001869805952,22.106814811781963,-0.03481294197601059,-0.1574760646090762,win,ae06e3fb6abd3b28fbf2fc6ceb91a8ad345125ab121f877b016070f42369f017
1025,time_aware_vs_mission_completion,makespan,time_aware,mission_completion,86.50921425880843,89.38776263177544,-2.8785483729670176,-3.220293570636654,win,ae06e3fb6abd3b28fbf2fc6ceb91a8ad345125ab121f877b016070f42369f017
1025,time_aware_vs_mission_completion,total_travel_time,time_aware,mission_completion,176.99647158347724,160.92985883138763,16.06661275208961,9.983612033689296,loss,ae06e3fb6abd3b28fbf2fc6ceb91a8ad345125ab121f877b016070f42369f017
1025,time_aware_vs_distance_oriented,weighted_mean_delay,time_aware,distance_oriented,18.9867809932825,71.82836579164398,-52.841584798361474,-73.56645834271328,win,ae06e3fb6abd3b28fbf2fc6ceb91a8ad345125ab121f877b016070f42369f017
1025,time_aware_vs_distance_oriented,high_priority_mean_delay,time_aware,distance_oriented,18.094073059891823,78.66801927579864,-60.573946215906815,-76.99945514522663,win,ae06e3fb6abd3b28fbf2fc6ceb91a8ad345125ab121f877b016070f42369f017
1025,time_aware_vs_distance_oriented,mean_delay,time_aware,distance_oriented,22.072001869805952,68.4630473686554,-46.391045498849444,-67.76070782979603,win,ae06e3fb6abd3b28fbf2fc6ceb91a8ad345125ab121f877b016070f42369f017
1025,time_aware_vs_distance_oriented,makespan,time_aware,distance_oriented,86.50921425880843,170.58539204272356,-84.07617778391513,-49.286856733229556,win,ae06e3fb6abd3b28fbf2fc6ceb91a8ad345125ab121f877b016070f42369f017
1025,time_aware_vs_distance_oriented,total_travel_time,time_aware,distance_oriented,176.99647158347724,93.63750657476152,83.35896500871573,89.02305076028561,loss,ae06e3fb6abd3b28fbf2fc6ceb91a8ad345125ab121f877b016070f42369f017
1025,mission_completion_vs_distance_oriented,weighted_mean_delay,mission_completion,distance_oriented,22.70032851252695,71.82836579164398,-49.128037279117024,-68.3964290954706,win,ae06e3fb6abd3b28fbf2fc6ceb91a8ad345125ab121f877b016070f42369f017
1025,mission_completion_vs_distance_oriented,high_priority_mean_delay,mission_completion,distance_oriented,24.265237856036567,78.66801927579864,-54.40278141976208,-69.15488901409076,win,ae06e3fb6abd3b28fbf2fc6ceb91a8ad345125ab121f877b016070f42369f017
1025,mission_completion_vs_distance_oriented,mean_delay,mission_completion,distance_oriented,22.106814811781963,68.4630473686554,-46.35623255687344,-67.70985858584031,win,ae06e3fb6abd3b28fbf2fc6ceb91a8ad345125ab121f877b016070f42369f017
1025,mission_completion_vs_distance_oriented,makespan,mission_completion,distance_oriented,89.38776263177544,170.58539204272356,-81.19762941094811,-47.59940369959226,win,ae06e3fb6abd3b28fbf2fc6ceb91a8ad345125ab121f877b016070f42369f017
1025,mission_completion_vs_distance_oriented,total_travel_time,mission_completion,distance_oriented,160.92985883138763,93.63750657476152,67.29235225662612,71.8647417238721,loss,ae06e3fb6abd3b28fbf2fc6ceb91a8ad345125ab121f877b016070f42369f017
1026,time_aware_vs_mission_completion,weighted_mean_delay,time_aware,mission_completion,16.386790107032343,23.91686818333864,-7.530078076306296,-31.48438172834026,win,3a7d0c62bfec7ca9a228a6d63c8a04c68b2938486617dc1bce5125a8093c59bc
1026,time_aware_vs_mission_completion,high_priority_mean_delay,time_aware,mission_completion,11.68692759595754,22.42937608506669,-10.74244848910915,-47.89454886469798,win,3a7d0c62bfec7ca9a228a6d63c8a04c68b2938486617dc1bce5125a8093c59bc
1026,time_aware_vs_mission_completion,mean_delay,time_aware,mission_completion,21.997984075926293,23.417055263709194,-1.419071187782901,-6.05998991676003,win,3a7d0c62bfec7ca9a228a6d63c8a04c68b2938486617dc1bce5125a8093c59bc
1026,time_aware_vs_mission_completion,makespan,time_aware,mission_completion,90.44372571623776,83.33115976044704,7.112565955790728,8.535301772154973,loss,3a7d0c62bfec7ca9a228a6d63c8a04c68b2938486617dc1bce5125a8093c59bc
1026,time_aware_vs_mission_completion,total_travel_time,time_aware,mission_completion,161.84419414725784,169.65848649105936,-7.814292343801526,-4.605895352139265,win,3a7d0c62bfec7ca9a228a6d63c8a04c68b2938486617dc1bce5125a8093c59bc
1026,time_aware_vs_distance_oriented,weighted_mean_delay,time_aware,distance_oriented,16.386790107032343,63.832764415521545,-47.4459743084892,-74.32855954606325,win,3a7d0c62bfec7ca9a228a6d63c8a04c68b2938486617dc1bce5125a8093c59bc
1026,time_aware_vs_distance_oriented,high_priority_mean_delay,time_aware,distance_oriented,11.68692759595754,61.87974191576278,-50.19281431980524,-81.11348361493327,win,3a7d0c62bfec7ca9a228a6d63c8a04c68b2938486617dc1bce5125a8093c59bc
1026,time_aware_vs_distance_oriented,mean_delay,time_aware,distance_oriented,21.997984075926293,71.14734360875464,-49.14935953282834,-69.08108868140587,win,3a7d0c62bfec7ca9a228a6d63c8a04c68b2938486617dc1bce5125a8093c59bc
1026,time_aware_vs_distance_oriented,makespan,time_aware,distance_oriented,90.44372571623776,170.58156037660834,-80.13783466037057,-46.97918959320282,win,3a7d0c62bfec7ca9a228a6d63c8a04c68b2938486617dc1bce5125a8093c59bc
1026,time_aware_vs_distance_oriented,total_travel_time,time_aware,distance_oriented,161.84419414725784,92.7091497990007,69.13504434825714,74.57197536397032,loss,3a7d0c62bfec7ca9a228a6d63c8a04c68b2938486617dc1bce5125a8093c59bc
1026,mission_completion_vs_distance_oriented,weighted_mean_delay,mission_completion,distance_oriented,23.91686818333864,63.832764415521545,-39.9158962321829,-62.53198744824683,win,3a7d0c62bfec7ca9a228a6d63c8a04c68b2938486617dc1bce5125a8093c59bc
1026,mission_completion_vs_distance_oriented,high_priority_mean_delay,mission_completion,distance_oriented,22.42937608506669,61.87974191576278,-39.450365830696086,-63.75328113746834,win,3a7d0c62bfec7ca9a228a6d63c8a04c68b2938486617dc1bce5125a8093c59bc
1026,mission_completion_vs_distance_oriented,mean_delay,mission_completion,distance_oriented,23.417055263709194,71.14734360875464,-47.730288345045444,-67.08653608702302,win,3a7d0c62bfec7ca9a228a6d63c8a04c68b2938486617dc1bce5125a8093c59bc
1026,mission_completion_vs_distance_oriented,makespan,mission_completion,distance_oriented,83.33115976044704,170.58156037660834,-87.2504006161613,-51.14878796015859,win,3a7d0c62bfec7ca9a228a6d63c8a04c68b2938486617dc1bce5125a8093c59bc
1026,mission_completion_vs_distance_oriented,total_travel_time,mission_completion,distance_oriented,169.65848649105936,92.7091497990007,76.94933669205867,83.00080073961384,loss,3a7d0c62bfec7ca9a228a6d63c8a04c68b2938486617dc1bce5125a8093c59bc
1027,time_aware_vs_mission_completion,weighted_mean_delay,time_aware,mission_completion,19.950225487324268,26.000538260428407,-6.050312773104139,-23.269952000618503,win,714a3dea6d7ee1226f7a7ac5b2ed113ccaf09170837a426adc6c86885b112e02
1027,time_aware_vs_mission_completion,high_priority_mean_delay,time_aware,mission_completion,19.258418265158078,25.90793858175429,-6.649520316596213,-25.665956770791286,win,714a3dea6d7ee1226f7a7ac5b2ed113ccaf09170837a426adc6c86885b112e02
1027,time_aware_vs_mission_completion,mean_delay,time_aware,mission_completion,23.196141808420546,25.24833191619164,-2.052190107771093,-8.128022534649242,win,714a3dea6d7ee1226f7a7ac5b2ed113ccaf09170837a426adc6c86885b112e02
1027,time_aware_vs_mission_completion,makespan,time_aware,mission_completion,90.3055360670976,94.67177003072172,-4.366233963624111,-4.6119703499863105,win,714a3dea6d7ee1226f7a7ac5b2ed113ccaf09170837a426adc6c86885b112e02
1027,time_aware_vs_mission_completion,total_travel_time,time_aware,mission_completion,164.56125223606972,182.38685776277825,-17.82560552670853,-9.773514246236662,win,714a3dea6d7ee1226f7a7ac5b2ed113ccaf09170837a426adc6c86885b112e02
1027,time_aware_vs_distance_oriented,weighted_mean_delay,time_aware,distance_oriented,19.950225487324268,77.66540778626353,-57.71518229893926,-74.31259803305531,win,714a3dea6d7ee1226f7a7ac5b2ed113ccaf09170837a426adc6c86885b112e02
1027,time_aware_vs_distance_oriented,high_priority_mean_delay,time_aware,distance_oriented,19.258418265158078,76.57084987459106,-57.312431609432984,-74.84889054163585,win,714a3dea6d7ee1226f7a7ac5b2ed113ccaf09170837a426adc6c86885b112e02
1027,time_aware_vs_distance_oriented,mean_delay,time_aware,distance_oriented,23.196141808420546,79.11273984407902,-55.91659803565847,-70.67963787610296,win,714a3dea6d7ee1226f7a7ac5b2ed113ccaf09170837a426adc6c86885b112e02
1027,time_aware_vs_distance_oriented,makespan,time_aware,distance_oriented,90.3055360670976,184.3223507880224,-94.01681472092478,-51.00673592702149,win,714a3dea6d7ee1226f7a7ac5b2ed113ccaf09170837a426adc6c86885b112e02
1027,time_aware_vs_distance_oriented,total_travel_time,time_aware,distance_oriented,164.56125223606972,96.8291233721371,67.73212886393262,69.9501622085559,loss,714a3dea6d7ee1226f7a7ac5b2ed113ccaf09170837a426adc6c86885b112e02
1027,mission_completion_vs_distance_oriented,weighted_mean_delay,mission_completion,distance_oriented,26.000538260428407,77.66540778626353,-51.66486952583512,-66.52236948013933,win,714a3dea6d7ee1226f7a7ac5b2ed113ccaf09170837a426adc6c86885b112e02
1027,mission_completion_vs_distance_oriented,high_priority_mean_delay,mission_completion,distance_oriented,25.90793858175429,76.57084987459106,-50.66291129283677,-66.16474986997439,win,714a3dea6d7ee1226f7a7ac5b2ed113ccaf09170837a426adc6c86885b112e02
1027,mission_completion_vs_distance_oriented,mean_delay,mission_completion,distance_oriented,25.24833191619164,79.11273984407902,-53.86440792788738,-68.0856307518197,win,714a3dea6d7ee1226f7a7ac5b2ed113ccaf09170837a426adc6c86885b112e02
1027,mission_completion_vs_distance_oriented,makespan,mission_completion,distance_oriented,94.67177003072172,184.3223507880224,-89.65058075730067,-48.63793260775097,win,714a3dea6d7ee1226f7a7ac5b2ed113ccaf09170837a426adc6c86885b112e02
1027,mission_completion_vs_distance_oriented,total_travel_time,mission_completion,distance_oriented,182.38685776277825,96.8291233721371,85.55773439064114,88.35950529245487,loss,714a3dea6d7ee1226f7a7ac5b2ed113ccaf09170837a426adc6c86885b112e02
1028,time_aware_vs_mission_completion,weighted_mean_delay,time_aware,mission_completion,20.490354048219608,25.054805419782184,-4.564451371562576,-18.21786797018461,win,71d5519adbb72d19ab08a4b00e74ebeae69e187bd8613b80ac37460bd18301d9
1028,time_aware_vs_mission_completion,high_priority_mean_delay,time_aware,mission_completion,17.082758634904014,28.100180257852628,-11.017421622948614,-39.20765461947448,win,71d5519adbb72d19ab08a4b00e74ebeae69e187bd8613b80ac37460bd18301d9
1028,time_aware_vs_mission_completion,mean_delay,time_aware,mission_completion,23.610417332530456,25.604149203009,-1.9937318704785447,-7.786753055806445,win,71d5519adbb72d19ab08a4b00e74ebeae69e187bd8613b80ac37460bd18301d9
1028,time_aware_vs_mission_completion,makespan,time_aware,mission_completion,89.91792917451181,87.57818911601234,2.3397400584994728,2.671601322333904,loss,71d5519adbb72d19ab08a4b00e74ebeae69e187bd8613b80ac37460bd18301d9
1028,time_aware_vs_mission_completion,total_travel_time,time_aware,mission_completion,182.65308520166465,181.10957362761144,1.5435115740532126,0.8522528893071688,loss,71d5519adbb72d19ab08a4b00e74ebeae69e187bd8613b80ac37460bd18301d9
1028,time_aware_vs_distance_oriented,weighted_mean_delay,time_aware,distance_oriented,20.490354048219608,75.77467215683693,-55.28431810861732,-72.95883510283083,win,71d5519adbb72d19ab08a4b00e74ebeae69e187bd8613b80ac37460bd18301d9
1028,time_aware_vs_distance_oriented,high_priority_mean_delay,time_aware,distance_oriented,17.082758634904014,92.659638500648,-75.57687986574399,-81.56397012623296,win,71d5519adbb72d19ab08a4b00e74ebeae69e187bd8613b80ac37460bd18301d9
1028,time_aware_vs_distance_oriented,mean_delay,time_aware,distance_oriented,23.610417332530456,74.89662606277072,-51.28620873024026,-68.47599341425259,win,71d5519adbb72d19ab08a4b00e74ebeae69e187bd8613b80ac37460bd18301d9
1028,time_aware_vs_distance_oriented,makespan,time_aware,distance_oriented,89.91792917451181,181.35459070408845,-91.43666152957664,-50.418719026953916,win,71d5519adbb72d19ab08a4b00e74ebeae69e187bd8613b80ac37460bd18301d9
1028,time_aware_vs_distance_oriented,total_travel_time,time_aware,distance_oriented,182.65308520166465,107.13554123167457,75.51754396999009,70.48785407886974,loss,71d5519adbb72d19ab08a4b00e74ebeae69e187bd8613b80ac37460bd18301d9
1028,mission_completion_vs_distance_oriented,weighted_mean_delay,mission_completion,distance_oriented,25.054805419782184,75.77467215683693,-50.719866737054744,-66.9351186793336,win,71d5519adbb72d19ab08a4b00e74ebeae69e187bd8613b80ac37460bd18301d9
1028,mission_completion_vs_distance_oriented,high_priority_mean_delay,mission_completion,distance_oriented,28.100180257852628,92.659638500648,-64.55945824279537,-69.67376442154357,win,71d5519adbb72d19ab08a4b00e74ebeae69e187bd8613b80ac37460bd18301d9
1028,mission_completion_vs_distance_oriented,mean_delay,mission_completion,distance_oriented,25.604149203009,74.89662606277072,-49.29247685976172,-65.81401519802746,win,71d5519adbb72d19ab08a4b00e74ebeae69e187bd8613b80ac37460bd18301d9
1028,mission_completion_vs_distance_oriented,makespan,mission_completion,distance_oriented,87.57818911601234,181.35459070408845,-93.77640158807611,-51.70886561183809,win,71d5519adbb72d19ab08a4b00e74ebeae69e187bd8613b80ac37460bd18301d9
1028,mission_completion_vs_distance_oriented,total_travel_time,mission_completion,distance_oriented,181.10957362761144,107.13554123167457,73.97403239593687,69.04714490214988,loss,71d5519adbb72d19ab08a4b00e74ebeae69e187bd8613b80ac37460bd18301d9
1029,time_aware_vs_mission_completion,weighted_mean_delay,time_aware,mission_completion,17.50596637228524,20.920057588099077,-3.414091215813837,-16.319702761028882,win,ae386fd35e1e2f52ab263eea23817fe86033e2136dcb34a28396cddeefd8ccd4
1029,time_aware_vs_mission_completion,high_priority_mean_delay,time_aware,mission_completion,15.812220331570638,23.50496765290637,-7.692747321335732,-32.728176592000246,win,ae386fd35e1e2f52ab263eea23817fe86033e2136dcb34a28396cddeefd8ccd4
1029,time_aware_vs_mission_completion,mean_delay,time_aware,mission_completion,19.756068896967427,21.891107481001885,-2.135038584034458,-9.752994844538327,win,ae386fd35e1e2f52ab263eea23817fe86033e2136dcb34a28396cddeefd8ccd4
1029,time_aware_vs_mission_completion,makespan,time_aware,mission_completion,94.15833043510068,90.55813671055316,3.6001937245475233,3.9755607340449797,loss,ae386fd35e1e2f52ab263eea23817fe86033e2136dcb34a28396cddeefd8ccd4
1029,time_aware_vs_mission_completion,total_travel_time,time_aware,mission_completion,192.9572018279813,188.0201274224856,4.937074405495707,2.625822284654656,loss,ae386fd35e1e2f52ab263eea23817fe86033e2136dcb34a28396cddeefd8ccd4
1029,time_aware_vs_distance_oriented,weighted_mean_delay,time_aware,distance_oriented,17.50596637228524,75.35816693714361,-57.852200564858364,-76.76964941717995,win,ae386fd35e1e2f52ab263eea23817fe86033e2136dcb34a28396cddeefd8ccd4
1029,time_aware_vs_distance_oriented,high_priority_mean_delay,time_aware,distance_oriented,15.812220331570638,64.94798345318968,-49.13576312161904,-75.65402420389685,win,ae386fd35e1e2f52ab263eea23817fe86033e2136dcb34a28396cddeefd8ccd4
1029,time_aware_vs_distance_oriented,mean_delay,time_aware,distance_oriented,19.756068896967427,76.88936714644426,-57.13329824947683,-74.30585056144392,win,ae386fd35e1e2f52ab263eea23817fe86033e2136dcb34a28396cddeefd8ccd4
1029,time_aware_vs_distance_oriented,makespan,time_aware,distance_oriented,94.15833043510068,185.13858351941823,-90.98025308431755,-49.141703125742616,win,ae386fd35e1e2f52ab263eea23817fe86033e2136dcb34a28396cddeefd8ccd4
1029,time_aware_vs_distance_oriented,total_travel_time,time_aware,distance_oriented,192.9572018279813,116.3243409567636,76.63286087121769,65.87861168257228,loss,ae386fd35e1e2f52ab263eea23817fe86033e2136dcb34a28396cddeefd8ccd4
1029,mission_completion_vs_distance_oriented,weighted_mean_delay,mission_completion,distance_oriented,20.920057588099077,75.35816693714361,-54.43810934904453,-72.23916340010163,win,ae386fd35e1e2f52ab263eea23817fe86033e2136dcb34a28396cddeefd8ccd4
1029,mission_completion_vs_distance_oriented,high_priority_mean_delay,mission_completion,distance_oriented,23.50496765290637,64.94798345318968,-41.443015800283305,-63.80954973013559,win,ae386fd35e1e2f52ab263eea23817fe86033e2136dcb34a28396cddeefd8ccd4
1029,mission_completion_vs_distance_oriented,mean_delay,mission_completion,distance_oriented,21.891107481001885,76.88936714644426,-54.998259665442376,-71.52908354765378,win,ae386fd35e1e2f52ab263eea23817fe86033e2136dcb34a28396cddeefd8ccd4
1029,mission_completion_vs_distance_oriented,makespan,mission_completion,distance_oriented,90.55813671055316,185.13858351941823,-94.58044680886508,-51.08629709211587,win,ae386fd35e1e2f52ab263eea23817fe86033e2136dcb34a28396cddeefd8ccd4
1029,mission_completion_vs_distance_oriented,total_travel_time,mission_completion,distance_oriented,188.0201274224856,116.3243409567636,71.69578646572198,61.63438010998099,loss,ae386fd35e1e2f52ab263eea23817fe86033e2136dcb34a28396cddeefd8ccd4
