seed,comparison,metric,variant_A,variant_B,value_A,value_B,absolute_difference,relative_difference_percent,outcome_A_lower_is_better,scenario_fingerprint,quality_gap_local_vs_full_percent,runtime_ratio
1000,local_vs_full,weighted_mean_delay,local,full,17.972209967839124,17.414386145224174,0.5578238226149494,3.2032356349691398,loss,003efd5ffe91eda82ee5212d1e1fc1115a654b2079ec04a608d4766b8a3bd068,,
1000,local_vs_full,weighted_delay,local,full,1923.026466558786,1863.3393175389865,59.68714901979956,3.2032356349691384,loss,003efd5ffe91eda82ee5212d1e1fc1115a654b2079ec04a608d4766b8a3bd068,3.2032356349691384,
1000,local_vs_full,high_priority_mean_delay,local,full,15.728047807502689,15.58520551771712,0.14284228978556968,0.9165249032050803,loss,003efd5ffe91eda82ee5212d1e1fc1115a654b2079ec04a608d4766b8a3bd068,,
1000,local_vs_full,initial_planning_runtime,local,full,0.077371999999741,0.0757069999999657,0.0016649999997752907,2.199268231175512,loss,003efd5ffe91eda82ee5212d1e1fc1115a654b2079ec04a608d4766b8a3bd068,,
1000,local_vs_full,total_replanning_runtime,local,full,0.0308121000016399,0.0631543999988935,-0.0323422999972536,-51.211475364852255,win,003efd5ffe91eda82ee5212d1e1fc1115a654b2079ec04a608d4766b8a3bd068,,0.4878852463514774
1000,local_vs_full,mean_replanning_runtime,local,full,0.0030812100001639,0.0063154399998893,-0.0032342299997253996,-51.2114753648533,win,003efd5ffe91eda82ee5212d1e1fc1115a654b2079ec04a608d4766b8a3bd068,,
1000,local_vs_full,max_replanning_runtime,local,full,0.0058767999998963,0.0217756000001827,-0.0158988000002864,-73.01199507776138,win,003efd5ffe91eda82ee5212d1e1fc1115a654b2079ec04a608d4766b8a3bd068,,
1000,local_vs_full,total_algorithm_runtime,local,full,0.108184100001381,0.1388613999988592,-0.03067729999747819,-22.092028452637102,win,003efd5ffe91eda82ee5212d1e1fc1115a654b2079ec04a608d4766b8a3bd068,,
1000,local_vs_full,assignment_changes,local,full,10.0,11.0,-1.0,-9.090909090909092,win,003efd5ffe91eda82ee5212d1e1fc1115a654b2079ec04a608d4766b8a3bd068,,
1000,local_vs_full,successor_edge_changes,local,full,11.0,11.0,0.0,0.0,tie,003efd5ffe91eda82ee5212d1e1fc1115a654b2079ec04a608d4766b8a3bd068,,
1000,local_vs_no_reorder,weighted_mean_delay,local,no_reorder,17.972209967839124,18.11477983797037,-0.142569870131247,-0.7870361738120959,win,003efd5ffe91eda82ee5212d1e1fc1115a654b2079ec04a608d4766b8a3bd068,,
1000,local_vs_no_reorder,weighted_delay,local,no_reorder,1923.026466558786,1938.2814426628297,-15.254976104043635,-0.7870361738121066,win,003efd5ffe91eda82ee5212d1e1fc1115a654b2079ec04a608d4766b8a3bd068,,
1000,local_vs_no_reorder,high_priority_mean_delay,local,no_reorder,15.728047807502689,15.728047807502689,0.0,0.0,tie,003efd5ffe91eda82ee5212d1e1fc1115a654b2079ec04a608d4766b8a3bd068,,
1000,local_vs_no_reorder,initial_planning_runtime,local,no_reorder,0.077371999999741,0.0778520000003482,-0.00048000000060720305,-0.616554488780065,win,003efd5ffe91eda82ee5212d1e1fc1115a654b2079ec04a608d4766b8a3bd068,,
1000,local_vs_no_reorder,total_replanning_runtime,local,no_reorder,0.0308121000016399,0.0055978000018512,0.0252142999997887,450.4323125415395,loss,003efd5ffe91eda82ee5212d1e1fc1115a654b2079ec04a608d4766b8a3bd068,,
1000,local_vs_no_reorder,mean_replanning_runtime,local,no_reorder,0.0030812100001639,0.0005597800001851,0.0025214299999788002,450.432312541543,loss,003efd5ffe91eda82ee5212d1e1fc1115a654b2079ec04a608d4766b8a3bd068,,
1000,local_vs_no_reorder,max_replanning_runtime,local,no_reorder,0.0058767999998963,0.0010466999992786,0.0048301000006177,461.45982649724573,loss,003efd5ffe91eda82ee5212d1e1fc1115a654b2079ec04a608d4766b8a3bd068,,
1000,local_vs_no_reorder,total_algorithm_runtime,local,no_reorder,0.108184100001381,0.0834498000021994,0.0247342999991816,29.6397355038954,loss,003efd5ffe91eda82ee5212d1e1fc1115a654b2079ec04a608d4766b8a3bd068,,
1000,local_vs_no_reorder,assignment_changes,local,no_reorder,10.0,0.0,10.0,,loss,003efd5ffe91eda82ee5212d1e1fc1115a654b2079ec04a608d4766b8a3bd068,,
1000,local_vs_no_reorder,successor_edge_changes,local,no_reorder,11.0,0.0,11.0,,loss,003efd5ffe91eda82ee5212d1e1fc1115a654b2079ec04a608d4766b8a3bd068,,
1000,full_vs_no_reorder,weighted_mean_delay,full,no_reorder,17.414386145224174,18.11477983797037,-0.7003936927461965,-3.866421226263551,win,003efd5ffe91eda82ee5212d1e1fc1115a654b2079ec04a608d4766b8a3bd068,,
1000,full_vs_no_reorder,weighted_delay,full,no_reorder,1863.3393175389865,1938.2814426628297,-74.9421251238432,-3.8664212262635598,win,003efd5ffe91eda82ee5212d1e1fc1115a654b2079ec04a608d4766b8a3bd068,,
1000,full_vs_no_reorder,high_priority_mean_delay,full,no_reorder,15.58520551771712,15.728047807502689,-0.14284228978556968,-0.9082010147338831,win,003efd5ffe91eda82ee5212d1e1fc1115a654b2079ec04a608d4766b8a3bd068,,
1000,full_vs_no_reorder,initial_planning_runtime,full,no_reorder,0.0757069999999657,0.0778520000003482,-0.0021450000003824937,-2.7552278687418434,win,003efd5ffe91eda82ee5212d1e1fc1115a654b2079ec04a608d4766b8a3bd068,,
1000,full_vs_no_reorder,total_replanning_runtime,full,no_reorder,0.0631543999988935,0.0055978000018512,0.057556599997042296,1028.2003640360188,loss,003efd5ffe91eda82ee5212d1e1fc1115a654b2079ec04a608d4766b8a3bd068,,
1000,full_vs_no_reorder,mean_replanning_runtime,full,no_reorder,0.0063154399998893,0.0005597800001851,0.005755659999704199,1028.20036403605,loss,003efd5ffe91eda82ee5212d1e1fc1115a654b2079ec04a608d4766b8a3bd068,,
1000,full_vs_no_reorder,max_replanning_runtime,full,no_reorder,0.0217756000001827,0.0010466999992786,0.0207289000009041,1980.405084091979,loss,003efd5ffe91eda82ee5212d1e1fc1115a654b2079ec04a608d4766b8a3bd068,,
1000,full_vs_no_reorder,total_algorithm_runtime,full,no_reorder,0.1388613999988592,0.0834498000021994,0.05541159999665979,66.40111779201312,loss,003efd5ffe91eda82ee5212d1e1fc1115a654b2079ec04a608d4766b8a3bd068,,
1000,full_vs_no_reorder,assignment_changes,full,no_reorder,11.0,0.0,11.0,,loss,003efd5ffe91eda82ee5212d1e1fc1115a654b2079ec04a608d4766b8a3bd068,,
1000,full_vs_no_reorder,successor_edge_changes,full,no_reorder,11.0,0.0,11.0,,loss,003efd5ffe91eda82ee5212d1e1fc1115a654b2079ec04a608d4766b8a3bd068,,
1001,local_vs_full,weighted_mean_delay,local,full,18.831648034204196,18.34662881707482,0.485019217129377,2.643642175166153,loss,326a5400532f40cb7bdcebae3f9c8dfd872dced5e3505899268f16c5315dbfbc,,
1001,local_vs_full,weighted_delay,local,full,2297.4610601729114,2238.288715683128,59.17234448978343,2.6436421751661277,loss,326a5400532f40cb7bdcebae3f9c8dfd872dced5e3505899268f16c5315dbfbc,2.6436421751661277,
1001,local_vs_full,high_priority_mean_delay,local,full,16.216431281931193,14.658928984334564,1.5575022975966295,10.624939238474193,loss,326a5400532f40cb7bdcebae3f9c8dfd872dced5e3505899268f16c5315dbfbc,,
1001,local_vs_full,initial_planning_runtime,local,full,0.0490394999997079,0.0487458999996306,0.0002936000000772973,0.6023070659881595,loss,326a5400532f40cb7bdcebae3f9c8dfd872dced5e3505899268f16c5315dbfbc,,
1001,local_vs_full,total_replanning_runtime,local,full,0.0472551999973802,0.1321255000002565,-0.08487030000287629,-64.23461027788846,win,326a5400532f40cb7bdcebae3f9c8dfd872dced5e3505899268f16c5315dbfbc,,0.35765389722111524
1001,local_vs_full,mean_replanning_runtime,local,full,0.004725519999738,0.0132125500000256,-0.0084870300002876,-64.23461027788849,win,326a5400532f40cb7bdcebae3f9c8dfd872dced5e3505899268f16c5315dbfbc,,
1001,local_vs_full,max_replanning_runtime,local,full,0.0094872999998187,0.0360813000006601,-0.026594000000841403,-73.70577002589948,win,326a5400532f40cb7bdcebae3f9c8dfd872dced5e3505899268f16c5315dbfbc,,
1001,local_vs_full,total_algorithm_runtime,local,full,0.0962946999970881,0.1808713999998872,-0.08457670000279909,-46.760681900428615,win,326a5400532f40cb7bdcebae3f9c8dfd872dced5e3505899268f16c5315dbfbc,,
1001,local_vs_full,assignment_changes,local,full,12.0,16.0,-4.0,-25.0,win,326a5400532f40cb7bdcebae3f9c8dfd872dced5e3505899268f16c5315dbfbc,,
1001,local_vs_full,successor_edge_changes,local,full,15.0,23.0,-8.0,-34.78260869565217,win,326a5400532f40cb7bdcebae3f9c8dfd872dced5e3505899268f16c5315dbfbc,,
1001,local_vs_no_reorder,weighted_mean_delay,local,no_reorder,18.831648034204196,19.114352400030786,-0.2827043658265893,-1.4790161859008835,win,326a5400532f40cb7bdcebae3f9c8dfd872dced5e3505899268f16c5315dbfbc,,
1001,local_vs_no_reorder,weighted_delay,local,no_reorder,2297.4610601729114,2331.9509928037555,-34.48993263084412,-1.4790161859008935,win,326a5400532f40cb7bdcebae3f9c8dfd872dced5e3505899268f16c5315dbfbc,,
1001,local_vs_no_reorder,high_priority_mean_delay,local,no_reorder,16.216431281931193,16.826508129449902,-0.6100768475187088,-3.62568895949925,win,326a5400532f40cb7bdcebae3f9c8dfd872dced5e3505899268f16c5315dbfbc,,
1001,local_vs_no_reorder,initial_planning_runtime,local,no_reorder,0.0490394999997079,0.0475780999986454,0.001461400001062499,3.0715812550398325,loss,326a5400532f40cb7bdcebae3f9c8dfd872dced5e3505899268f16c5315dbfbc,,
1001,local_vs_no_reorder,total_replanning_runtime,local,no_reorder,0.0472551999973802,0.0061539999987871,0.041101199998593095,667.8778031636948,loss,326a5400532f40cb7bdcebae3f9c8dfd872dced5e3505899268f16c5315dbfbc,,
1001,local_vs_no_reorder,mean_replanning_runtime,local,no_reorder,0.004725519999738,0.0006153999998787,0.0041101199998593,667.8778031637042,loss,326a5400532f40cb7bdcebae3f9c8dfd872dced5e3505899268f16c5315dbfbc,,
1001,local_vs_no_reorder,max_replanning_runtime,local,no_reorder,0.0094872999998187,0.0012834000008297,0.008203899998989,639.2317277298811,loss,326a5400532f40cb7bdcebae3f9c8dfd872dced5e3505899268f16c5315dbfbc,,
1001,local_vs_no_reorder,total_algorithm_runtime,local,no_reorder,0.0962946999970881,0.0537320999974326,0.042562599999655504,79.21261220329971,loss,326a5400532f40cb7bdcebae3f9c8dfd872dced5e3505899268f16c5315dbfbc,,
1001,local_vs_no_reorder,assignment_changes,local,no_reorder,12.0,0.0,12.0,,loss,326a5400532f40cb7bdcebae3f9c8dfd872dced5e3505899268f16c5315dbfbc,,
1001,local_vs_no_reorder,successor_edge_changes,local,no_reorder,15.0,0.0,15.0,,loss,326a5400532f40cb7bdcebae3f9c8dfd872dced5e3505899268f16c5315dbfbc,,
1001,full_vs_no_reorder,weighted_mean_delay,full,no_reorder,18.34662881707482,19.114352400030786,-0.7677235829559663,-4.016477079049404,win,326a5400532f40cb7bdcebae3f9c8dfd872dced5e3505899268f16c5315dbfbc,,
1001,full_vs_no_reorder,weighted_delay,full,no_reorder,2238.288715683128,2331.9509928037555,-93.66227712062755,-4.016477079049391,win,326a5400532f40cb7bdcebae3f9c8dfd872dced5e3505899268f16c5315dbfbc,,
1001,full_vs_no_reorder,high_priority_mean_delay,full,no_reorder,14.658928984334564,16.826508129449902,-2.1675791451153383,-12.881930870265485,win,326a5400532f40cb7bdcebae3f9c8dfd872dced5e3505899268f16c5315dbfbc,,
1001,full_vs_no_reorder,initial_planning_runtime,full,no_reorder,0.0487458999996306,0.0475780999986454,0.0011678000009852016,2.454490618621698,loss,326a5400532f40cb7bdcebae3f9c8dfd872dced5e3505899268f16c5315dbfbc,,
1001,full_vs_no_reorder,total_replanning_runtime,full,no_reorder,0.1321255000002565,0.0061539999987871,0.1259715000014694,2046.9857007848113,loss,326a5400532f40cb7bdcebae3f9c8dfd872dced5e3505899268f16c5315dbfbc,,
1001,full_vs_no_reorder,mean_replanning_runtime,full,no_reorder,0.0132125500000256,0.0006153999998787,0.0125971500001469,2046.985700784838,loss,326a5400532f40cb7bdcebae3f9c8dfd872dced5e3505899268f16c5315dbfbc,,
1001,full_vs_no_reorder,max_replanning_runtime,full,no_reorder,0.0360813000006601,0.0012834000008297,0.0347978999998304,2711.383822450837,loss,326a5400532f40cb7bdcebae3f9c8dfd872dced5e3505899268f16c5315dbfbc,,
1001,full_vs_no_reorder,total_algorithm_runtime,full,no_reorder,0.1808713999998872,0.0537320999974326,0.1271393000024546,236.61703154823562,loss,326a5400532f40cb7bdcebae3f9c8dfd872dced5e3505899268f16c5315dbfbc,,
1001,full_vs_no_reorder,assignment_changes,full,no_reorder,16.0,0.0,16.0,,loss,326a5400532f40cb7bdcebae3f9c8dfd872dced5e3505899268f16c5315dbfbc,,
1001,full_vs_no_reorder,successor_edge_changes,full,no_reorder,23.0,0.0,23.0,,loss,326a5400532f40cb7bdcebae3f9c8dfd872dced5e3505899268f16c5315dbfbc,,
1002,local_vs_full,weighted_mean_delay,local,full,19.56147026627156,19.608100116903675,-0.04662985063211522,-0.23780912150645714,win,bac977afff5983f5f02211e95bb5bd4acf7a0d9a328b4221afb60dccebcb1493,,
1002,local_vs_full,weighted_delay,local,full,2014.83143742597,2019.6343120410784,-4.802874615108294,-0.23780912150647826,win,bac977afff5983f5f02211e95bb5bd4acf7a0d9a328b4221afb60dccebcb1493,-0.23780912150647826,
1002,local_vs_full,high_priority_mean_delay,local,full,14.695671819429242,14.095905629226992,0.5997661902022493,4.254896464109912,loss,bac977afff5983f5f02211e95bb5bd4acf7a0d9a328b4221afb60dccebcb1493,,
1002,local_vs_full,initial_planning_runtime,local,full,0.0418456000006699,0.0421358000003238,-0.00029019999965389925,-0.6887255010031118,win,bac977afff5983f5f02211e95bb5bd4acf7a0d9a328b4221afb60dccebcb1493,,
1002,local_vs_full,total_replanning_runtime,local,full,0.0307974000006652,0.0610245000043505,-0.030227100003685302,-49.5327286606697,win,bac977afff5983f5f02211e95bb5bd4acf7a0d9a328b4221afb60dccebcb1493,,0.504672713393303
1002,local_vs_full,mean_replanning_runtime,local,full,0.0030797400000665,0.006102450000435,-0.0030227100003685,-49.53272866066961,win,bac977afff5983f5f02211e95bb5bd4acf7a0d9a328b4221afb60dccebcb1493,,
1002,local_vs_full,max_replanning_runtime,local,full,0.0128841000005195,0.0164303999990806,-0.003546299998561101,-21.583771537878214,win,bac977afff5983f5f02211e95bb5bd4acf7a0d9a328b4221afb60dccebcb1493,,
1002,local_vs_full,total_algorithm_runtime,local,full,0.0726430000013351,0.1031603000046743,-0.0305173000033392,-29.582407187606503,win,bac977afff5983f5f02211e95bb5bd4acf7a0d9a328b4221afb60dccebcb1493,,
1002,local_vs_full,assignment_changes,local,full,11.0,13.0,-2.0,-15.384615384615385,win,bac977afff5983f5f02211e95bb5bd4acf7a0d9a328b4221afb60dccebcb1493,,
1002,local_vs_full,successor_edge_changes,local,full,10.0,12.0,-2.0,-16.666666666666664,win,bac977afff5983f5f02211e95bb5bd4acf7a0d9a328b4221afb60dccebcb1493,,
1002,local_vs_no_reorder,weighted_mean_delay,local,no_reorder,19.56147026627156,21.071087800788533,-1.5096175345169733,-7.164402468393111,win,bac977afff5983f5f02211e95bb5bd4acf7a0d9a328b4221afb60dccebcb1493,,
1002,local_vs_no_reorder,weighted_delay,local,no_reorder,2014.83143742597,2170.3220434812188,-155.4906060552487,-7.164402468393131,win,bac977afff5983f5f02211e95bb5bd4acf7a0d9a328b4221afb60dccebcb1493,,
1002,local_vs_no_reorder,high_priority_mean_delay,local,no_reorder,14.695671819429242,19.34501599084281,-4.649344171413569,-24.03380888190731,win,bac977afff5983f5f02211e95bb5bd4acf7a0d9a328b4221afb60dccebcb1493,,
1002,local_vs_no_reorder,initial_planning_runtime,local,no_reorder,0.0418456000006699,0.0462440999999671,-0.004398499999297201,-9.511483625587545,win,bac977afff5983f5f02211e95bb5bd4acf7a0d9a328b4221afb60dccebcb1493,,
1002,local_vs_no_reorder,total_replanning_runtime,local,no_reorder,0.0307974000006652,0.0046892999998817,0.0261081000007835,556.7590045730097,loss,bac977afff5983f5f02211e95bb5bd4acf7a0d9a328b4221afb60dccebcb1493,,
1002,local_vs_no_reorder,mean_replanning_runtime,local,no_reorder,0.0030797400000665,0.0004689299999881,0.0026108100000784,556.7590045731035,loss,bac977afff5983f5f02211e95bb5bd4acf7a0d9a328b4221afb60dccebcb1493,,
1002,local_vs_no_reorder,max_replanning_runtime,local,no_reorder,0.0128841000005195,0.0007595999995828,0.0121245000009367,1596.1690373349022,loss,bac977afff5983f5f02211e95bb5bd4acf7a0d9a328b4221afb60dccebcb1493,,
1002,local_vs_no_reorder,total_algorithm_runtime,local,no_reorder,0.0726430000013351,0.0509333999998489,0.021709600001486196,42.623504422541195,loss,bac977afff5983f5f02211e95bb5bd4acf7a0d9a328b4221afb60dccebcb1493,,
1002,local_vs_no_reorder,assignment_changes,local,no_reorder,11.0,0.0,11.0,,loss,bac977afff5983f5f02211e95bb5bd4acf7a0d9a328b4221afb60dccebcb1493,,
1002,local_vs_no_reorder,successor_edge_changes,local,no_reorder,10.0,0.0,10.0,,loss,bac977afff5983f5f02211e95bb5bd4acf7a0d9a328b4221afb60dccebcb1493,,
1002,full_vs_no_reorder,weighted_mean_delay,full,no_reorder,19.608100116903675,21.071087800788533,-1.4629876838848581,-6.943104683138899,win,bac977afff5983f5f02211e95bb5bd4acf7a0d9a328b4221afb60dccebcb1493,,
1002,full_vs_no_reorder,weighted_delay,full,no_reorder,2019.6343120410784,2170.3220434812188,-150.6877314401404,-6.943104683138901,win,bac977afff5983f5f02211e95bb5bd4acf7a0d9a328b4221afb60dccebcb1493,,
1002,full_vs_no_reorder,high_priority_mean_delay,full,no_reorder,14.095905629226992,19.34501599084281,-5.249110361615818,-27.13417432221584,win,bac977afff5983f5f02211e95bb5bd4acf7a0d9a328b4221afb60dccebcb1493,,
1002,full_vs_no_reorder,initial_planning_runtime,full,no_reorder,0.0421358000003238,0.0462440999999671,-0.0041082999996433014,-8.883944113186816,win,bac977afff5983f5f02211e95bb5bd4acf7a0d9a328b4221afb60dccebcb1493,,
1002,full_vs_no_reorder,total_replanning_runtime,full,no_reorder,0.0610245000043505,0.0046892999998817,0.0563352000044688,1201.3562793143967,loss,bac977afff5983f5f02211e95bb5bd4acf7a0d9a328b4221afb60dccebcb1493,,
1002,full_vs_no_reorder,mean_replanning_runtime,full,no_reorder,0.006102450000435,0.0004689299999881,0.0056335200004469,1201.3562793145802,loss,bac977afff5983f5f02211e95bb5bd4acf7a0d9a328b4221afb60dccebcb1493,,
1002,full_vs_no_reorder,max_replanning_runtime,full,no_reorder,0.0164303999990806,0.0007595999995828,0.0156707999994978,2063.0331764224293,loss,bac977afff5983f5f02211e95bb5bd4acf7a0d9a328b4221afb60dccebcb1493,,
1002,full_vs_no_reorder,total_algorithm_runtime,full,no_reorder,0.1031603000046743,0.0509333999998489,0.0522269000048254,102.53959092654395,loss,bac977afff5983f5f02211e95bb5bd4acf7a0d9a328b4221afb60dccebcb1493,,
1002,full_vs_no_reorder,assignment_changes,full,no_reorder,13.0,0.0,13.0,,loss,bac977afff5983f5f02211e95bb5bd4acf7a0d9a328b4221afb60dccebcb1493,,
1002,full_vs_no_reorder,successor_edge_changes,full,no_reorder,12.0,0.0,12.0,,loss,bac977afff5983f5f02211e95bb5bd4acf7a0d9a328b4221afb60dccebcb1493,,
1003,local_vs_full,weighted_mean_delay,local,full,18.665078387293665,18.653834953817583,0.011243433476082032,0.06027411255604048,loss,928e6ecadcc3e29bce8ab1bcdc3ba9bb293cdedc1b5e429a3696296f9a79850a,,
1003,local_vs_full,weighted_delay,local,full,2314.4697200244145,2313.0755342733805,1.3941857510340014,0.060274112556033106,loss,928e6ecadcc3e29bce8ab1bcdc3ba9bb293cdedc1b5e429a3696296f9a79850a,0.060274112556033106,
1003,local_vs_full,high_priority_mean_delay,local,full,18.29499387723741,18.30868873522862,-0.013694857991211506,-0.07479977506450572,win,928e6ecadcc3e29bce8ab1bcdc3ba9bb293cdedc1b5e429a3696296f9a79850a,,
1003,local_vs_full,initial_planning_runtime,local,full,0.0492770000000746,0.0491141000002244,0.0001628999998502037,0.3316766465219956,loss,928e6ecadcc3e29bce8ab1bcdc3ba9bb293cdedc1b5e429a3696296f9a79850a,,
1003,local_vs_full,total_replanning_runtime,local,full,0.0105788999971991,0.0223475999991933,-0.0117687000019942,-52.66203083292624,win,928e6ecadcc3e29bce8ab1bcdc3ba9bb293cdedc1b5e429a3696296f9a79850a,,0.4733796916707376
1003,local_vs_full,mean_replanning_runtime,local,full,0.0010578899997199,0.0022347599999193,-0.0011768700001994,-52.66203083292606,win,928e6ecadcc3e29bce8ab1bcdc3ba9bb293cdedc1b5e429a3696296f9a79850a,,
1003,local_vs_full,max_replanning_runtime,local,full,0.0059127999993506,0.0100597999989986,-0.004146999999648,-41.2234835688663,win,928e6ecadcc3e29bce8ab1bcdc3ba9bb293cdedc1b5e429a3696296f9a79850a,,
1003,local_vs_full,total_algorithm_runtime,local,full,0.0598558999972738,0.0714616999994177,-0.011605800002143903,-16.240587618596354,win,928e6ecadcc3e29bce8ab1bcdc3ba9bb293cdedc1b5e429a3696296f9a79850a,,
1003,local_vs_full,assignment_changes,local,full,4.0,7.0,-3.0,-42.857142857142854,win,928e6ecadcc3e29bce8ab1bcdc3ba9bb293cdedc1b5e429a3696296f9a79850a,,
1003,local_vs_full,successor_edge_changes,local,full,4.0,6.0,-2.0,-33.33333333333333,win,928e6ecadcc3e29bce8ab1bcdc3ba9bb293cdedc1b5e429a3696296f9a79850a,,
1003,local_vs_no_reorder,weighted_mean_delay,local,no_reorder,18.665078387293665,17.180677321882975,1.4844010654106903,8.639944966081247,loss,928e6ecadcc3e29bce8ab1bcdc3ba9bb293cdedc1b5e429a3696296f9a79850a,,
1003,local_vs_no_reorder,weighted_delay,local,no_reorder,2314.4697200244145,2130.403987913489,184.06573211092564,8.639944966081249,loss,928e6ecadcc3e29bce8ab1bcdc3ba9bb293cdedc1b5e429a3696296f9a79850a,,
1003,local_vs_no_reorder,high_priority_mean_delay,local,no_reorder,18.29499387723741,15.598635533137491,2.6963583440999184,17.28586028163693,loss,928e6ecadcc3e29bce8ab1bcdc3ba9bb293cdedc1b5e429a3696296f9a79850a,,
1003,local_vs_no_reorder,initial_planning_runtime,local,no_reorder,0.0492770000000746,0.0457345000013447,0.003542499998729902,7.745793653862498,loss,928e6ecadcc3e29bce8ab1bcdc3ba9bb293cdedc1b5e429a3696296f9a79850a,,
1003,local_vs_no_reorder,total_replanning_runtime,local,no_reorder,0.0105788999971991,0.0025250000016967,0.0080538999955024,318.9663362412079,loss,928e6ecadcc3e29bce8ab1bcdc3ba9bb293cdedc1b5e429a3696296f9a79850a,,
1003,local_vs_no_reorder,mean_replanning_runtime,local,no_reorder,0.0010578899997199,0.0002525000001696,0.0008053899995503,318.96633624132,loss,928e6ecadcc3e29bce8ab1bcdc3ba9bb293cdedc1b5e429a3696296f9a79850a,,
1003,local_vs_no_reorder,max_replanning_runtime,local,no_reorder,0.0059127999993506,0.0006610999989788,0.0052517000003718005,794.3881422604888,loss,928e6ecadcc3e29bce8ab1bcdc3ba9bb293cdedc1b5e429a3696296f9a79850a,,
1003,local_vs_no_reorder,total_algorithm_runtime,local,no_reorder,0.0598558999972738,0.0482595000030414,0.011596399994232405,24.029258474500523,loss,928e6ecadcc3e29bce8ab1bcdc3ba9bb293cdedc1b5e429a3696296f9a79850a,,
1003,local_vs_no_reorder,assignment_changes,local,no_reorder,4.0,0.0,4.0,,loss,928e6ecadcc3e29bce8ab1bcdc3ba9bb293cdedc1b5e429a3696296f9a79850a,,
1003,local_vs_no_reorder,successor_edge_changes,local,no_reorder,4.0,0.0,4.0,,loss,928e6ecadcc3e29bce8ab1bcdc3ba9bb293cdedc1b5e429a3696296f9a79850a,,
1003,full_vs_no_reorder,weighted_mean_delay,full,no_reorder,18.653834953817583,17.180677321882975,1.4731576319346082,8.57450264814794,loss,928e6ecadcc3e29bce8ab1bcdc3ba9bb293cdedc1b5e429a3696296f9a79850a,,
1003,full_vs_no_reorder,weighted_delay,full,no_reorder,2313.0755342733805,2130.403987913489,182.67154635989164,8.57450264814795,loss,928e6ecadcc3e29bce8ab1bcdc3ba9bb293cdedc1b5e429a3696296f9a79850a,,
1003,full_vs_no_reorder,high_priority_mean_delay,full,no_reorder,18.30868873522862,15.598635533137491,2.71005320209113,17.373655511944854,loss,928e6ecadcc3e29bce8ab1bcdc3ba9bb293cdedc1b5e429a3696296f9a79850a,,
1003,full_vs_no_reorder,initial_planning_runtime,full,no_reorder,0.0491141000002244,0.0457345000013447,0.003379599998879698,7.389607405307438,loss,928e6ecadcc3e29bce8ab1bcdc3ba9bb293cdedc1b5e429a3696296f9a79850a,,
1003,full_vs_no_reorder,total_replanning_runtime,full,no_reorder,0.0223475999991933,0.0025250000016967,0.0198225999974966,785.0534647198652,loss,928e6ecadcc3e29bce8ab1bcdc3ba9bb293cdedc1b5e429a3696296f9a79850a,,
1003,full_vs_no_reorder,mean_replanning_runtime,full,no_reorder,0.0022347599999193,0.0002525000001696,0.0019822599997497,785.0534647200985,loss,928e6ecadcc3e29bce8ab1bcdc3ba9bb293cdedc1b5e429a3696296f9a79850a,,
1003,full_vs_no_reorder,max_replanning_runtime,full,no_reorder,0.0100597999989986,0.0006610999989788,0.0093987000000198,1421.6759967535857,loss,928e6ecadcc3e29bce8ab1bcdc3ba9bb293cdedc1b5e429a3696296f9a79850a,,
1003,full_vs_no_reorder,total_algorithm_runtime,full,no_reorder,0.0714616999994177,0.0482595000030414,0.023202199996376308,48.077994995625865,loss,928e6ecadcc3e29bce8ab1bcdc3ba9bb293cdedc1b5e429a3696296f9a79850a,,
1003,full_vs_no_reorder,assignment_changes,full,no_reorder,7.0,0.0,7.0,,loss,928e6ecadcc3e29bce8ab1bcdc3ba9bb293cdedc1b5e429a3696296f9a79850a,,
1003,full_vs_no_reorder,successor_edge_changes,full,no_reorder,6.0,0.0,6.0,,loss,928e6ecadcc3e29bce8ab1bcdc3ba9bb293cdedc1b5e429a3696296f9a79850a,,
1004,local_vs_full,weighted_mean_delay,local,full,19.868109505189818,20.1083768266417,-0.24026732145188134,-1.1948618405318019,win,36f049506a9f245c3a7992826d6a406fc84dc5560363ffe26fa19d3cb1196cf1,,
1004,local_vs_full,weighted_delay,local,full,1986.8109505189816,2010.83768266417,-24.02673214518836,-1.194861840531813,win,36f049506a9f245c3a7992826d6a406fc84dc5560363ffe26fa19d3cb1196cf1,-1.194861840531813,
1004,local_vs_full,high_priority_mean_delay,local,full,18.696398406493,18.060223912459133,0.6361744940338667,3.5225172019876876,loss,36f049506a9f245c3a7992826d6a406fc84dc5560363ffe26fa19d3cb1196cf1,,
1004,local_vs_full,initial_planning_runtime,local,full,0.0402558000005228,0.0397702999998728,0.0004855000006500007,1.2207602171760172,loss,36f049506a9f245c3a7992826d6a406fc84dc5560363ffe26fa19d3cb1196cf1,,
1004,local_vs_full,total_replanning_runtime,local,full,0.0145518000008451,0.0524740000037127,-0.0379222000028676,-72.26855204517378,win,36f049506a9f245c3a7992826d6a406fc84dc5560363ffe26fa19d3cb1196cf1,,0.27731447954826227
1004,local_vs_full,mean_replanning_runtime,local,full,0.0014551800000845,0.0052474000003712,-0.0037922200002866997,-72.26855204517359,win,36f049506a9f245c3a7992826d6a406fc84dc5560363ffe26fa19d3cb1196cf1,,
1004,local_vs_full,max_replanning_runtime,local,full,0.0044534000007843,0.0232602000014594,-0.0188068000006751,-80.85399093513864,win,36f049506a9f245c3a7992826d6a406fc84dc5560363ffe26fa19d3cb1196cf1,,
1004,local_vs_full,total_algorithm_runtime,local,full,0.0548076000013679,0.0922443000035855,-0.0374367000022176,-40.58429626628686,win,36f049506a9f245c3a7992826d6a406fc84dc5560363ffe26fa19d3cb1196cf1,,
1004,local_vs_full,assignment_changes,local,full,4.0,12.0,-8.0,-66.66666666666666,win,36f049506a9f245c3a7992826d6a406fc84dc5560363ffe26fa19d3cb1196cf1,,
1004,local_vs_full,successor_edge_changes,local,full,3.0,11.0,-8.0,-72.72727272727273,win,36f049506a9f245c3a7992826d6a406fc84dc5560363ffe26fa19d3cb1196cf1,,
1004,local_vs_no_reorder,weighted_mean_delay,local,no_reorder,19.868109505189818,20.082887929465997,-0.21477842427617944,-1.0694598557264885,win,36f049506a9f245c3a7992826d6a406fc84dc5560363ffe26fa19d3cb1196cf1,,
1004,local_vs_no_reorder,weighted_delay,local,no_reorder,1986.8109505189816,2008.2887929465992,-21.47784242761759,-1.0694598557264712,win,36f049506a9f245c3a7992826d6a406fc84dc5560363ffe26fa19d3cb1196cf1,,
1004,local_vs_no_reorder,high_priority_mean_delay,local,no_reorder,18.696398406493,18.10088636229417,0.5955120441988306,3.2899606808169226,loss,36f049506a9f245c3a7992826d6a406fc84dc5560363ffe26fa19d3cb1196cf1,,
1004,local_vs_no_reorder,initial_planning_runtime,local,no_reorder,0.0402558000005228,0.0393867000002501,0.0008691000002726962,2.2065824257101445,loss,36f049506a9f245c3a7992826d6a406fc84dc5560363ffe26fa19d3cb1196cf1,,
1004,local_vs_no_reorder,total_replanning_runtime,local,no_reorder,0.0145518000008451,0.0032588000012765,0.0112929999995686,346.5386030178297,loss,36f049506a9f245c3a7992826d6a406fc84dc5560363ffe26fa19d3cb1196cf1,,
1004,local_vs_no_reorder,mean_replanning_runtime,local,no_reorder,0.0014551800000845,0.0003258800001276,0.0011292999999569001,346.5386030178952,loss,36f049506a9f245c3a7992826d6a406fc84dc5560363ffe26fa19d3cb1196cf1,,
1004,local_vs_no_reorder,max_replanning_runtime,local,no_reorder,0.0044534000007843,0.0009602000009181,0.0034931999998662,363.7992081364465,loss,36f049506a9f245c3a7992826d6a406fc84dc5560363ffe26fa19d3cb1196cf1,,
1004,local_vs_no_reorder,total_algorithm_runtime,local,no_reorder,0.0548076000013679,0.0426455000015266,0.012162099999841296,28.51907000599342,loss,36f049506a9f245c3a7992826d6a406fc84dc5560363ffe26fa19d3cb1196cf1,,
1004,local_vs_no_reorder,assignment_changes,local,no_reorder,4.0,0.0,4.0,,loss,36f049506a9f245c3a7992826d6a406fc84dc5560363ffe26fa19d3cb1196cf1,,
1004,local_vs_no_reorder,successor_edge_changes,local,no_reorder,3.0,0.0,3.0,,loss,36f049506a9f245c3a7992826d6a406fc84dc5560363ffe26fa19d3cb1196cf1,,
1004,full_vs_no_reorder,weighted_mean_delay,full,no_reorder,20.1083768266417,20.082887929465997,0.025488897175701908,0.12691848535540604,loss,36f049506a9f245c3a7992826d6a406fc84dc5560363ffe26fa19d3cb1196cf1,,
1004,full_vs_no_reorder,weighted_delay,full,no_reorder,2010.83768266417,2008.2887929465992,2.5488897175707734,0.12691848535543507,loss,36f049506a9f245c3a7992826d6a406fc84dc5560363ffe26fa19d3cb1196cf1,,
1004,full_vs_no_reorder,high_priority_mean_delay,full,no_reorder,18.060223912459133,18.10088636229417,-0.040662449835036085,-0.22464341812420718,win,36f049506a9f245c3a7992826d6a406fc84dc5560363ffe26fa19d3cb1196cf1,,
1004,full_vs_no_reorder,initial_planning_runtime,full,no_reorder,0.0397702999998728,0.0393867000002501,0.0003835999996226955,0.9739328240757912,loss,36f049506a9f245c3a7992826d6a406fc84dc5560363ffe26fa19d3cb1196cf1,,
1004,full_vs_no_reorder,total_replanning_runtime,full,no_reorder,0.0524740000037127,0.0032588000012765,0.0492152000024362,1510.2246220436414,loss,36f049506a9f245c3a7992826d6a406fc84dc5560363ffe26fa19d3cb1196cf1,,
1004,full_vs_no_reorder,mean_replanning_runtime,full,no_reorder,0.0052474000003712,0.0003258800001276,0.0049215200002436,1510.224622043867,loss,36f049506a9f245c3a7992826d6a406fc84dc5560363ffe26fa19d3cb1196cf1,,
1004,full_vs_no_reorder,max_replanning_runtime,full,no_reorder,0.0232602000014594,0.0009602000009181,0.0223000000005413,2322.4328243302484,loss,36f049506a9f245c3a7992826d6a406fc84dc5560363ffe26fa19d3cb1196cf1,,
1004,full_vs_no_reorder,total_algorithm_runtime,full,no_reorder,0.0922443000035855,0.0426455000015266,0.04959880000205889,116.30488562751846,loss,36f049506a9f245c3a7992826d6a406fc84dc5560363ffe26fa19d3cb1196cf1,,
1004,full_vs_no_reorder,assignment_changes,full,no_reorder,12.0,0.0,12.0,,loss,36f049506a9f245c3a7992826d6a406fc84dc5560363ffe26fa19d3cb1196cf1,,
1004,full_vs_no_reorder,successor_edge_changes,full,no_reorder,11.0,0.0,11.0,,loss,36f049506a9f245c3a7992826d6a406fc84dc5560363ffe26fa19d3cb1196cf1,,
1005,local_vs_full,weighted_mean_delay,local,full,18.367934885659658,17.966924144248985,0.4010107414106727,2.231938745837205,loss,ac3e0c423ba30b6ed83812071978ee0eab613ff0a3b2a3dd494f8ec12ad0e6d9,,
1005,local_vs_full,weighted_delay,local,full,1671.482074595029,1634.9900971266577,36.49197746837126,2.231938745837207,loss,ac3e0c423ba30b6ed83812071978ee0eab613ff0a3b2a3dd494f8ec12ad0e6d9,2.231938745837207,
1005,local_vs_full,high_priority_mean_delay,local,full,14.616350035176396,14.573600276764234,0.04274975841216211,0.2933369764526972,loss,ac3e0c423ba30b6ed83812071978ee0eab613ff0a3b2a3dd494f8ec12ad0e6d9,,
1005,local_vs_full,initial_planning_runtime,local,full,0.0403021000001899,0.0393277000002854,0.0009743999999045003,2.477642984200523,loss,ac3e0c423ba30b6ed83812071978ee0eab613ff0a3b2a3dd494f8ec12ad0e6d9,,
1005,local_vs_full,total_replanning_runtime,local,full,0.0208872999992308,0.0475632000034238,-0.026675900004193003,-56.085166688264785,win,ac3e0c423ba30b6ed83812071978ee0eab613ff0a3b2a3dd494f8ec12ad0e6d9,,0.43914833311735213
1005,local_vs_full,mean_replanning_runtime,local,full,0.002088729999923,0.0047563200003423,-0.0026675900004192996,-56.08516668826572,win,ac3e0c423ba30b6ed83812071978ee0eab613ff0a3b2a3dd494f8ec12ad0e6d9,,
1005,local_vs_full,max_replanning_runtime,local,full,0.0041411999991396,0.0149865000003046,-0.010845300001165,-72.36713042367845,win,ac3e0c423ba30b6ed83812071978ee0eab613ff0a3b2a3dd494f8ec12ad0e6d9,,
1005,local_vs_full,total_algorithm_runtime,local,full,0.0611893999994208,0.0868909000037092,-0.025701500004288405,-29.579046831361232,win,ac3e0c423ba30b6ed83812071978ee0eab613ff0a3b2a3dd494f8ec12ad0e6d9,,
1005,local_vs_full,assignment_changes,local,full,12.0,16.0,-4.0,-25.0,win,ac3e0c423ba30b6ed83812071978ee0eab613ff0a3b2a3dd494f8ec12ad0e6d9,,
1005,local_vs_full,successor_edge_changes,local,full,3.0,3.0,0.0,0.0,tie,ac3e0c423ba30b6ed83812071978ee0eab613ff0a3b2a3dd494f8ec12ad0e6d9,,
1005,local_vs_no_reorder,weighted_mean_delay,local,no_reorder,18.367934885659658,19.00026799818648,-0.6323331125268226,-3.328022070989614,win,ac3e0c423ba30b6ed83812071978ee0eab613ff0a3b2a3dd494f8ec12ad0e6d9,,
1005,local_vs_no_reorder,weighted_delay,local,no_reorder,1671.482074595029,1729.0243878349695,-57.54231323994054,-3.3280220709895962,win,ac3e0c423ba30b6ed83812071978ee0eab613ff0a3b2a3dd494f8ec12ad0e6d9,,
1005,local_vs_no_reorder,high_priority_mean_delay,local,no_reorder,14.616350035176396,15.586426541074806,-0.97007650589841,-6.223854475828528,win,ac3e0c423ba30b6ed83812071978ee0eab613ff0a3b2a3dd494f8ec12ad0e6d9,,
1005,local_vs_no_reorder,initial_planning_runtime,local,no_reorder,0.0403021000001899,0.0402775999991718,2.4500001018099016e-05,0.0608278572174181,loss,ac3e0c423ba30b6ed83812071978ee0eab613ff0a3b2a3dd494f8ec12ad0e6d9,,
1005,local_vs_no_reorder,total_replanning_runtime,local,no_reorder,0.0208872999992308,0.0041567999978724,0.016730500001358402,402.4850849192089,loss,ac3e0c423ba30b6ed83812071978ee0eab613ff0a3b2a3dd494f8ec12ad0e6d9,,
1005,local_vs_no_reorder,mean_replanning_runtime,local,no_reorder,0.002088729999923,0.0004156799997872,0.0016730500001358,402.4850849192379,loss,ac3e0c423ba30b6ed83812071978ee0eab613ff0a3b2a3dd494f8ec12ad0e6d9,,
1005,local_vs_no_reorder,max_replanning_runtime,local,no_reorder,0.0041411999991396,0.0007260000002133,0.0034151999989263,470.41322285439514,loss,ac3e0c423ba30b6ed83812071978ee0eab613ff0a3b2a3dd494f8ec12ad0e6d9,,
1005,local_vs_no_reorder,total_algorithm_runtime,local,no_reorder,0.0611893999994208,0.0444343999970442,0.016755000002376605,37.70727185129349,loss,ac3e0c423ba30b6ed83812071978ee0eab613ff0a3b2a3dd494f8ec12ad0e6d9,,
1005,local_vs_no_reorder,assignment_changes,local,no_reorder,12.0,0.0,12.0,,loss,ac3e0c423ba30b6ed83812071978ee0eab613ff0a3b2a3dd494f8ec12ad0e6d9,,
1005,local_vs_no_reorder,successor_edge_changes,local,no_reorder,3.0,0.0,3.0,,loss,ac3e0c423ba30b6ed83812071978ee0eab613ff0a3b2a3dd494f8ec12ad0e6d9,,
1005,full_vs_no_reorder,weighted_mean_delay,full,no_reorder,17.966924144248985,19.00026799818648,-1.0333438539374953,-5.438575150814319,win,ac3e0c423ba30b6ed83812071978ee0eab613ff0a3b2a3dd494f8ec12ad0e6d9,,
1005,full_vs_no_reorder,weighted_delay,full,no_reorder,1634.9900971266577,1729.0243878349695,-94.0342907083118,-5.438575150814304,win,ac3e0c423ba30b6ed83812071978ee0eab613ff0a3b2a3dd494f8ec12ad0e6d9,,
1005,full_vs_no_reorder,high_priority_mean_delay,full,no_reorder,14.573600276764234,15.586426541074806,-1.012826264310572,-6.498130034113194,win,ac3e0c423ba30b6ed83812071978ee0eab613ff0a3b2a3dd494f8ec12ad0e6d9,,
1005,full_vs_no_reorder,initial_planning_runtime,full,no_reorder,0.0393277000002854,0.0402775999991718,-0.0009498999988864013,-2.358382820490629,win,ac3e0c423ba30b6ed83812071978ee0eab613ff0a3b2a3dd494f8ec12ad0e6d9,,
1005,full_vs_no_reorder,total_replanning_runtime,full,no_reorder,0.0475632000034238,0.0041567999978724,0.043406400005551404,1044.2263286125954,loss,ac3e0c423ba30b6ed83812071978ee0eab613ff0a3b2a3dd494f8ec12ad0e6d9,,
1005,full_vs_no_reorder,mean_replanning_runtime,full,no_reorder,0.0047563200003423,0.0004156799997872,0.0043406400005551,1044.226328612686,loss,ac3e0c423ba30b6ed83812071978ee0eab613ff0a3b2a3dd494f8ec12ad0e6d9,,
1005,full_vs_no_reorder,max_replanning_runtime,full,no_reorder,0.0149865000003046,0.0007260000002133,0.0142605000000913,1964.2561977825817,loss,ac3e0c423ba30b6ed83812071978ee0eab613ff0a3b2a3dd494f8ec12ad0e6d9,,
1005,full_vs_no_reorder,total_algorithm_runtime,full,no_reorder,0.0868909000037092,0.0444343999970442,0.04245650000666501,95.54871903185199,loss,ac3e0c423ba30b6ed83812071978ee0eab613ff0a3b2a3dd494f8ec12ad0e6d9,,
1005,full_vs_no_reorder,assignment_changes,full,no_reorder,16.0,0.0,16.0,,loss,ac3e0c423ba30b6ed83812071978ee0eab613ff0a3b2a3dd494f8ec12ad0e6d9,,
1005,full_vs_no_reorder,successor_edge_changes,full,no_reorder,3.0,0.0,3.0,,loss,ac3e0c423ba30b6ed83812071978ee0eab613ff0a3b2a3dd494f8ec12ad0e6d9,,
1006,local_vs_full,weighted_mean_delay,local,full,18.555973910207666,19.451232158276916,-0.8952582480692506,-4.60257859648392,win,83bdc0825e5e2e93054ab339a9a27ca1db05cfccb837d2524713925798716880,,
1006,local_vs_full,weighted_delay,local,full,1911.2653127513893,2003.476912302522,-92.21159955113262,-4.602578596483911,win,83bdc0825e5e2e93054ab339a9a27ca1db05cfccb837d2524713925798716880,-4.602578596483911,
1006,local_vs_full,high_priority_mean_delay,local,full,16.72006897695177,16.36825410031727,0.3518148766344993,2.1493732592267123,loss,83bdc0825e5e2e93054ab339a9a27ca1db05cfccb837d2524713925798716880,,
1006,local_vs_full,initial_planning_runtime,local,full,0.0560352000011334,0.0596581000008882,-0.0036228999997547987,-6.072771341529249,win,83bdc0825e5e2e93054ab339a9a27ca1db05cfccb837d2524713925798716880,,
1006,local_vs_full,total_replanning_runtime,local,full,0.0191357000003336,0.0788672999988193,-0.05973159999848571,-75.73683896796256,win,83bdc0825e5e2e93054ab339a9a27ca1db05cfccb837d2524713925798716880,,0.24263161032037453
1006,local_vs_full,mean_replanning_runtime,local,full,0.0019135700000333,0.0078867299998819,-0.0059731599998486,-75.73683896796322,win,83bdc0825e5e2e93054ab339a9a27ca1db05cfccb837d2524713925798716880,,
1006,local_vs_full,max_replanning_runtime,local,full,0.0043389000002207,0.02352719999908,-0.0191882999988593,-81.55794144483674,win,83bdc0825e5e2e93054ab339a9a27ca1db05cfccb837d2524713925798716880,,
1006,local_vs_full,total_algorithm_runtime,local,full,0.075170900001467,0.1385253999997076,-0.06335449999824058,-45.73493380879919,win,83bdc0825e5e2e93054ab339a9a27ca1db05cfccb837d2524713925798716880,,
1006,local_vs_full,assignment_changes,local,full,3.0,9.0,-6.0,-66.66666666666666,win,83bdc0825e5e2e93054ab339a9a27ca1db05cfccb837d2524713925798716880,,
1006,local_vs_full,successor_edge_changes,local,full,3.0,6.0,-3.0,-50.0,win,83bdc0825e5e2e93054ab339a9a27ca1db05cfccb837d2524713925798716880,,
1006,local_vs_no_reorder,weighted_mean_delay,local,no_reorder,18.555973910207666,19.365167878303517,-0.8091939680958511,-4.178605489924317,win,83bdc0825e5e2e93054ab339a9a27ca1db05cfccb837d2524713925798716880,,
1006,local_vs_no_reorder,weighted_delay,local,no_reorder,1911.2653127513893,1994.6122914652617,-83.34697871387243,-4.178605489924307,win,83bdc0825e5e2e93054ab339a9a27ca1db05cfccb837d2524713925798716880,,
1006,local_vs_no_reorder,high_priority_mean_delay,local,no_reorder,16.72006897695177,18.424675139127498,-1.704606162175729,-9.251756947159127,win,83bdc0825e5e2e93054ab339a9a27ca1db05cfccb837d2524713925798716880,,
1006,local_vs_no_reorder,initial_planning_runtime,local,no_reorder,0.0560352000011334,0.057868399999279,-0.0018331999981456015,-3.167877456726714,win,83bdc0825e5e2e93054ab339a9a27ca1db05cfccb837d2524713925798716880,,
1006,local_vs_no_reorder,total_replanning_runtime,local,no_reorder,0.0191357000003336,0.0053644999970856,0.013771200003248,256.70985200353346,loss,83bdc0825e5e2e93054ab339a9a27ca1db05cfccb837d2524713925798716880,,
1006,local_vs_no_reorder,mean_replanning_runtime,local,no_reorder,0.0019135700000333,0.0005364499997085,0.0013771200003248,256.7098520035621,loss,83bdc0825e5e2e93054ab339a9a27ca1db05cfccb837d2524713925798716880,,
1006,local_vs_no_reorder,max_replanning_runtime,local,no_reorder,0.0043389000002207,0.0013492999987647,0.0029896000014559996,221.5667386195074,loss,83bdc0825e5e2e93054ab339a9a27ca1db05cfccb837d2524713925798716880,,
1006,local_vs_no_reorder,total_algorithm_runtime,local,no_reorder,0.075170900001467,0.0632328999963647,0.011938000005102312,18.879412466909844,loss,83bdc0825e5e2e93054ab339a9a27ca1db05cfccb837d2524713925798716880,,
1006,local_vs_no_reorder,assignment_changes,local,no_reorder,3.0,0.0,3.0,,loss,83bdc0825e5e2e93054ab339a9a27ca1db05cfccb837d2524713925798716880,,
1006,local_vs_no_reorder,successor_edge_changes,local,no_reorder,3.0,0.0,3.0,,loss,83bdc0825e5e2e93054ab339a9a27ca1db05cfccb837d2524713925798716880,,
1006,full_vs_no_reorder,weighted_mean_delay,full,no_reorder,19.451232158276916,19.365167878303517,0.0860642799733995,0.44442826684619036,loss,83bdc0825e5e2e93054ab339a9a27ca1db05cfccb837d2524713925798716880,,
1006,full_vs_no_reorder,weighted_delay,full,no_reorder,2003.476912302522,1994.6122914652617,8.86462083726019,0.44442826684619263,loss,83bdc0825e5e2e93054ab339a9a27ca1db05cfccb837d2524713925798716880,,
1006,full_vs_no_reorder,high_priority_mean_delay,full,no_reorder,16.36825410031727,18.424675139127498,-2.056421038810228,-11.16123363523038,win,83bdc0825e5e2e93054ab339a9a27ca1db05cfccb837d2524713925798716880,,
1006,full_vs_no_reorder,initial_planning_runtime,full,no_reorder,0.0596581000008882,0.057868399999279,0.0017897000016091971,3.092706903303868,loss,83bdc0825e5e2e93054ab339a9a27ca1db05cfccb837d2524713925798716880,,
1006,full_vs_no_reorder,total_replanning_runtime,full,no_reorder,0.0788672999988193,0.0053644999970856,0.0735028000017337,1370.1705665330592,loss,83bdc0825e5e2e93054ab339a9a27ca1db05cfccb837d2524713925798716880,,
1006,full_vs_no_reorder,mean_replanning_runtime,full,no_reorder,0.0078867299998819,0.0005364499997085,0.0073502800001734,1370.1705665332177,loss,83bdc0825e5e2e93054ab339a9a27ca1db05cfccb837d2524713925798716880,,
1006,full_vs_no_reorder,max_replanning_runtime,full,no_reorder,0.02352719999908,0.0013492999987647,0.0221779000003153,1643.659676915395,loss,83bdc0825e5e2e93054ab339a9a27ca1db05cfccb837d2524713925798716880,,
1006,full_vs_no_reorder,total_algorithm_runtime,full,no_reorder,0.1385253999997076,0.0632328999963647,0.0752925000033429,119.0717174250612,loss,83bdc0825e5e2e93054ab339a9a27ca1db05cfccb837d2524713925798716880,,
1006,full_vs_no_reorder,assignment_changes,full,no_reorder,9.0,0.0,9.0,,loss,83bdc0825e5e2e93054ab339a9a27ca1db05cfccb837d2524713925798716880,,
1006,full_vs_no_reorder,successor_edge_changes,full,no_reorder,6.0,0.0,6.0,,loss,83bdc0825e5e2e93054ab339a9a27ca1db05cfccb837d2524713925798716880,,
1007,local_vs_full,weighted_mean_delay,local,full,19.70856746757917,19.276646985387018,0.43192048219215096,2.240641137017114,loss,ea69d165b54222d53244e69b6ef8594befc6149189a269a0f745eaab4c35bcd9,,
1007,local_vs_full,weighted_delay,local,full,1951.1481792903376,1908.3880515533149,42.760127737022685,2.2406411370171004,loss,ea69d165b54222d53244e69b6ef8594befc6149189a269a0f745eaab4c35bcd9,2.2406411370171004,
1007,local_vs_full,high_priority_mean_delay,local,full,17.054677553807824,16.08808530255119,0.9665922512566354,6.008124851894941,loss,ea69d165b54222d53244e69b6ef8594befc6149189a269a0f745eaab4c35bcd9,,
1007,local_vs_full,initial_planning_runtime,local,full,0.0741722999991907,0.0726288999994722,0.0015433999997185033,2.1250493945656883,loss,ea69d165b54222d53244e69b6ef8594befc6149189a269a0f745eaab4c35bcd9,,
1007,local_vs_full,total_replanning_runtime,local,full,0.0504623999968316,0.1149578000004112,-0.06449540000357959,-56.10354408604626,win,ea69d165b54222d53244e69b6ef8594befc6149189a269a0f745eaab4c35bcd9,,0.4389645591395373
1007,local_vs_full,mean_replanning_runtime,local,full,0.0050462399996831,0.0114957800000411,-0.006449540000357999,-56.10354408604672,win,ea69d165b54222d53244e69b6ef8594befc6149189a269a0f745eaab4c35bcd9,,
1007,local_vs_full,max_replanning_runtime,local,full,0.0110246000003826,0.0237147999996523,-0.012690199999269701,-53.5117310685975,win,ea69d165b54222d53244e69b6ef8594befc6149189a269a0f745eaab4c35bcd9,,
1007,local_vs_full,total_algorithm_runtime,local,full,0.1246346999960223,0.1875866999998834,-0.0629520000038611,-33.55888237486999,win,ea69d165b54222d53244e69b6ef8594befc6149189a269a0f745eaab4c35bcd9,,
1007,local_vs_full,assignment_changes,local,full,9.0,20.0,-11.0,-55.00000000000001,win,ea69d165b54222d53244e69b6ef8594befc6149189a269a0f745eaab4c35bcd9,,
1007,local_vs_full,successor_edge_changes,local,full,14.0,28.0,-14.0,-50.0,win,ea69d165b54222d53244e69b6ef8594befc6149189a269a0f745eaab4c35bcd9,,
1007,local_vs_no_reorder,weighted_mean_delay,local,no_reorder,19.70856746757917,19.53332360336163,0.17524386421753846,0.8971533353769835,loss,ea69d165b54222d53244e69b6ef8594befc6149189a269a0f745eaab4c35bcd9,,
1007,local_vs_no_reorder,weighted_delay,local,no_reorder,1951.1481792903376,1933.7990367328011,17.349142557536425,0.8971533353769897,loss,ea69d165b54222d53244e69b6ef8594befc6149189a269a0f745eaab4c35bcd9,,
1007,local_vs_no_reorder,high_priority_mean_delay,local,no_reorder,17.054677553807824,15.984901641919109,1.0697759118887156,6.6924147289296725,loss,ea69d165b54222d53244e69b6ef8594befc6149189a269a0f745eaab4c35bcd9,,
1007,local_vs_no_reorder,initial_planning_runtime,local,no_reorder,0.0741722999991907,0.0724721999995381,0.0017000999996525934,2.3458650346800964,loss,ea69d165b54222d53244e69b6ef8594befc6149189a269a0f745eaab4c35bcd9,,
1007,local_vs_no_reorder,total_replanning_runtime,local,no_reorder,0.0504623999968316,0.0057021000011445,0.0447602999956871,784.9792179495802,loss,ea69d165b54222d53244e69b6ef8594befc6149189a269a0f745eaab4c35bcd9,,
1007,local_vs_no_reorder,mean_replanning_runtime,local,no_reorder,0.0050462399996831,0.0005702100001144,0.004476029999568701,784.9792179496475,loss,ea69d165b54222d53244e69b6ef8594befc6149189a269a0f745eaab4c35bcd9,,
1007,local_vs_no_reorder,max_replanning_runtime,local,no_reorder,0.0110246000003826,0.0008894000002328,0.010135200000149799,1139.554755733856,loss,ea69d165b54222d53244e69b6ef8594befc6149189a269a0f745eaab4c35bcd9,,
1007,local_vs_no_reorder,total_algorithm_runtime,local,no_reorder,0.1246346999960223,0.0781743000006827,0.04646039999533959,59.43180814530331,loss,ea69d165b54222d53244e69b6ef8594befc6149189a269a0f745eaab4c35bcd9,,
1007,local_vs_no_reorder,assignment_changes,local,no_reorder,9.0,0.0,9.0,,loss,ea69d165b54222d53244e69b6ef8594befc6149189a269a0f745eaab4c35bcd9,,
1007,local_vs_no_reorder,successor_edge_changes,local,no_reorder,14.0,0.0,14.0,,loss,ea69d165b54222d53244e69b6ef8594befc6149189a269a0f745eaab4c35bcd9,,
1007,full_vs_no_reorder,weighted_mean_delay,full,no_reorder,19.276646985387018,19.53332360336163,-0.2566766179746125,-1.3140447738778012,win,ea69d165b54222d53244e69b6ef8594befc6149189a269a0f745eaab4c35bcd9,,
1007,full_vs_no_reorder,weighted_delay,full,no_reorder,1908.3880515533149,1933.7990367328011,-25.41098517948626,-1.3140447738777818,win,ea69d165b54222d53244e69b6ef8594befc6149189a269a0f745eaab4c35bcd9,,
1007,full_vs_no_reorder,high_priority_mean_delay,full,no_reorder,16.08808530255119,15.984901641919109,0.10318366063208018,0.6455070099492473,loss,ea69d165b54222d53244e69b6ef8594befc6149189a269a0f745eaab4c35bcd9,,
1007,full_vs_no_reorder,initial_planning_runtime,full,no_reorder,0.0726288999994722,0.0724721999995381,0.00015669999993409012,0.21622084045342743,loss,ea69d165b54222d53244e69b6ef8594befc6149189a269a0f745eaab4c35bcd9,,
1007,full_vs_no_reorder,total_replanning_runtime,full,no_reorder,0.1149578000004112,0.0057021000011445,0.1092556999992667,1916.0607491509686,loss,ea69d165b54222d53244e69b6ef8594befc6149189a269a0f745eaab4c35bcd9,,
1007,full_vs_no_reorder,mean_replanning_runtime,full,no_reorder,0.0114957800000411,0.0005702100001144,0.0109255699999267,1916.060749151142,loss,ea69d165b54222d53244e69b6ef8594befc6149189a269a0f745eaab4c35bcd9,,
1007,full_vs_no_reorder,max_replanning_runtime,full,no_reorder,0.0237147999996523,0.0008894000002328,0.0228253999994195,2566.381829710475,loss,ea69d165b54222d53244e69b6ef8594befc6149189a269a0f745eaab4c35bcd9,,
1007,full_vs_no_reorder,total_algorithm_runtime,full,no_reorder,0.1875866999998834,0.0781743000006827,0.10941239999920069,139.9595519221089,loss,ea69d165b54222d53244e69b6ef8594befc6149189a269a0f745eaab4c35bcd9,,
1007,full_vs_no_reorder,assignment_changes,full,no_reorder,20.0,0.0,20.0,,loss,ea69d165b54222d53244e69b6ef8594befc6149189a269a0f745eaab4c35bcd9,,
1007,full_vs_no_reorder,successor_edge_changes,full,no_reorder,28.0,0.0,28.0,,loss,ea69d165b54222d53244e69b6ef8594befc6149189a269a0f745eaab4c35bcd9,,
1008,local_vs_full,weighted_mean_delay,local,full,19.247307023455743,19.247307023455743,0.0,0.0,tie,130410a7df0436f226a401880941e077afad804faf45245d2c0e49964e8989a7,,
1008,local_vs_full,weighted_delay,local,full,1809.24686020484,1809.24686020484,0.0,0.0,tie,130410a7df0436f226a401880941e077afad804faf45245d2c0e49964e8989a7,0.0,
1008,local_vs_full,high_priority_mean_delay,local,full,13.498625965504738,13.498625965504738,0.0,0.0,tie,130410a7df0436f226a401880941e077afad804faf45245d2c0e49964e8989a7,,
1008,local_vs_full,initial_planning_runtime,local,full,0.0557988000000477,0.0521382999995694,0.003660500000478302,7.020750581642542,loss,130410a7df0436f226a401880941e077afad804faf45245d2c0e49964e8989a7,,
1008,local_vs_full,total_replanning_runtime,local,full,0.060748899997634,0.2435788999991928,-0.1828300000015588,-75.05986766594506,win,130410a7df0436f226a401880941e077afad804faf45245d2c0e49964e8989a7,,0.24940132334054926
1008,local_vs_full,mean_replanning_runtime,local,full,0.0060748899997634,0.0243578899999192,-0.0182830000001558,-75.05986766594499,win,130410a7df0436f226a401880941e077afad804faf45245d2c0e49964e8989a7,,
1008,local_vs_full,max_replanning_runtime,local,full,0.0150752999998076,0.0732449999995878,-0.05816969999978021,-79.41798074968607,win,130410a7df0436f226a401880941e077afad804faf45245d2c0e49964e8989a7,,
1008,local_vs_full,total_algorithm_runtime,local,full,0.1165476999976817,0.2957171999987622,-0.1791695000010805,-60.58812270704256,win,130410a7df0436f226a401880941e077afad804faf45245d2c0e49964e8989a7,,
1008,local_vs_full,assignment_changes,local,full,5.0,18.0,-13.0,-72.22222222222221,win,130410a7df0436f226a401880941e077afad804faf45245d2c0e49964e8989a7,,
1008,local_vs_full,successor_edge_changes,local,full,12.0,28.0,-16.0,-57.14285714285714,win,130410a7df0436f226a401880941e077afad804faf45245d2c0e49964e8989a7,,
1008,local_vs_no_reorder,weighted_mean_delay,local,no_reorder,19.247307023455743,19.76162922974224,-0.5143222062864972,-2.60263058428612,win,130410a7df0436f226a401880941e077afad804faf45245d2c0e49964e8989a7,,
1008,local_vs_no_reorder,weighted_delay,local,no_reorder,1809.24686020484,1857.5931475957707,-48.346287390930684,-2.6026305842861173,win,130410a7df0436f226a401880941e077afad804faf45245d2c0e49964e8989a7,,
1008,local_vs_no_reorder,high_priority_mean_delay,local,no_reorder,13.498625965504738,13.295256172352776,0.20336979315196224,1.5296417798617956,loss,130410a7df0436f226a401880941e077afad804faf45245d2c0e49964e8989a7,,
1008,local_vs_no_reorder,initial_planning_runtime,local,no_reorder,0.0557988000000477,0.0539101999984268,0.001888600001620902,3.5032331575026894,loss,130410a7df0436f226a401880941e077afad804faf45245d2c0e49964e8989a7,,
1008,local_vs_no_reorder,total_replanning_runtime,local,no_reorder,0.060748899997634,0.0099417000019457,0.0508071999956883,511.0514296925553,loss,130410a7df0436f226a401880941e077afad804faf45245d2c0e49964e8989a7,,
1008,local_vs_no_reorder,mean_replanning_runtime,local,no_reorder,0.0060748899997634,0.0009941700001945,0.0050807199995689,511.05142969259833,loss,130410a7df0436f226a401880941e077afad804faf45245d2c0e49964e8989a7,,
1008,local_vs_no_reorder,max_replanning_runtime,local,no_reorder,0.0150752999998076,0.00177690000055,0.0132983999992576,748.4045244606548,loss,130410a7df0436f226a401880941e077afad804faf45245d2c0e49964e8989a7,,
1008,local_vs_no_reorder,total_algorithm_runtime,local,no_reorder,0.1165476999976817,0.0638519000003725,0.05269579999730921,82.52816282209581,loss,130410a7df0436f226a401880941e077afad804faf45245d2c0e49964e8989a7,,
1008,local_vs_no_reorder,assignment_changes,local,no_reorder,5.0,0.0,5.0,,loss,130410a7df0436f226a401880941e077afad804faf45245d2c0e49964e8989a7,,
1008,local_vs_no_reorder,successor_edge_changes,local,no_reorder,12.0,0.0,12.0,,loss,130410a7df0436f226a401880941e077afad804faf45245d2c0e49964e8989a7,,
1008,full_vs_no_reorder,weighted_mean_delay,full,no_reorder,19.247307023455743,19.76162922974224,-0.5143222062864972,-2.60263058428612,win,130410a7df0436f226a401880941e077afad804faf45245d2c0e49964e8989a7,,
1008,full_vs_no_reorder,weighted_delay,full,no_reorder,1809.24686020484,1857.5931475957707,-48.346287390930684,-2.6026305842861173,win,130410a7df0436f226a401880941e077afad804faf45245d2c0e49964e8989a7,,
1008,full_vs_no_reorder,high_priority_mean_delay,full,no_reorder,13.498625965504738,13.295256172352776,0.20336979315196224,1.5296417798617956,loss,130410a7df0436f226a401880941e077afad804faf45245d2c0e49964e8989a7,,
1008,full_vs_no_reorder,initial_planning_runtime,full,no_reorder,0.0521382999995694,0.0539101999984268,-0.0017718999988574,-3.286762057846395,win,130410a7df0436f226a401880941e077afad804faf45245d2c0e49964e8989a7,,
1008,full_vs_no_reorder,total_replanning_runtime,full,no_reorder,0.2435788999991928,0.0099417000019457,0.2336371999972471,2350.0729246660203,loss,130410a7df0436f226a401880941e077afad804faf45245d2c0e49964e8989a7,,
1008,full_vs_no_reorder,mean_replanning_runtime,full,no_reorder,0.0243578899999192,0.0009941700001945,0.0233637199997247,2350.072924666185,loss,130410a7df0436f226a401880941e077afad804faf45245d2c0e49964e8989a7,,
1008,full_vs_no_reorder,max_replanning_runtime,full,no_reorder,0.0732449999995878,0.00177690000055,0.0714680999990378,4022.0665190453283,loss,130410a7df0436f226a401880941e077afad804faf45245d2c0e49964e8989a7,,
1008,full_vs_no_reorder,total_algorithm_runtime,full,no_reorder,0.2957171999987622,0.0638519000003725,0.23186529999838973,363.12983638237404,loss,130410a7df0436f226a401880941e077afad804faf45245d2c0e49964e8989a7,,
1008,full_vs_no_reorder,assignment_changes,full,no_reorder,18.0,0.0,18.0,,loss,130410a7df0436f226a401880941e077afad804faf45245d2c0e49964e8989a7,,
1008,full_vs_no_reorder,successor_edge_changes,full,no_reorder,28.0,0.0,28.0,,loss,130410a7df0436f226a401880941e077afad804faf45245d2c0e49964e8989a7,,
1009,local_vs_full,weighted_mean_delay,local,full,17.160853598536203,16.741783312214697,0.41907028632150656,2.503140068810684,loss,59d5fc10227424859a17932f916a88e8931935be60d343322b2bef07f5be18c9,,
1009,local_vs_full,weighted_delay,local,full,1801.8896278463012,1757.8872477825432,44.00238006375798,2.503140068810672,loss,59d5fc10227424859a17932f916a88e8931935be60d343322b2bef07f5be18c9,2.503140068810672,
1009,local_vs_full,high_priority_mean_delay,local,full,15.57445543248398,15.540591740243649,0.033863692240331034,0.21790477998748398,loss,59d5fc10227424859a17932f916a88e8931935be60d343322b2bef07f5be18c9,,
1009,local_vs_full,initial_planning_runtime,local,full,0.0717340999999578,0.0714144000012311,0.0003196999987267052,0.4476688157027069,loss,59d5fc10227424859a17932f916a88e8931935be60d343322b2bef07f5be18c9,,
1009,local_vs_full,total_replanning_runtime,local,full,0.0194428000031621,0.0432280000004539,-0.023785199997291805,-55.02267048450554,win,59d5fc10227424859a17932f916a88e8931935be60d343322b2bef07f5be18c9,,0.4497732951549446
1009,local_vs_full,mean_replanning_runtime,local,full,0.0019442800003162,0.0043228000000453,-0.0023785199997291,-55.02267048450483,win,59d5fc10227424859a17932f916a88e8931935be60d343322b2bef07f5be18c9,,
1009,local_vs_full,max_replanning_runtime,local,full,0.0044484000009106,0.0136222999990422,-0.009173899998131601,-67.34472151381652,win,59d5fc10227424859a17932f916a88e8931935be60d343322b2bef07f5be18c9,,
1009,local_vs_full,total_algorithm_runtime,local,full,0.0911769000031199,0.114642400001685,-0.023465499998565106,-20.468430526768643,win,59d5fc10227424859a17932f916a88e8931935be60d343322b2bef07f5be18c9,,
1009,local_vs_full,assignment_changes,local,full,2.0,9.0,-7.0,-77.77777777777779,win,59d5fc10227424859a17932f916a88e8931935be60d343322b2bef07f5be18c9,,
1009,local_vs_full,successor_edge_changes,local,full,2.0,6.0,-4.0,-66.66666666666666,win,59d5fc10227424859a17932f916a88e8931935be60d343322b2bef07f5be18c9,,
1009,local_vs_no_reorder,weighted_mean_delay,local,no_reorder,17.160853598536203,17.61043512724277,-0.44958152870656676,-2.5529268610238867,win,59d5fc10227424859a17932f916a88e8931935be60d343322b2bef07f5be18c9,,
1009,local_vs_no_reorder,weighted_delay,local,no_reorder,1801.8896278463012,1849.0956883604908,-47.20606051418963,-2.5529268610238933,win,59d5fc10227424859a17932f916a88e8931935be60d343322b2bef07f5be18c9,,
1009,local_vs_no_reorder,high_priority_mean_delay,local,no_reorder,15.57445543248398,15.679856367707348,-0.10540093522336846,-0.6722059995424551,win,59d5fc10227424859a17932f916a88e8931935be60d343322b2bef07f5be18c9,,
1009,local_vs_no_reorder,initial_planning_runtime,local,no_reorder,0.0717340999999578,0.0644090999994659,0.00732500000049191,11.372616603170439,loss,59d5fc10227424859a17932f916a88e8931935be60d343322b2bef07f5be18c9,,
1009,local_vs_no_reorder,total_replanning_runtime,local,no_reorder,0.0194428000031621,0.0048267999973177,0.014616000005844398,302.80931494917235,loss,59d5fc10227424859a17932f916a88e8931935be60d343322b2bef07f5be18c9,,
1009,local_vs_no_reorder,mean_replanning_runtime,local,no_reorder,0.0019442800003162,0.0004826799997317,0.0014616000005845,302.80931494922874,loss,59d5fc10227424859a17932f916a88e8931935be60d343322b2bef07f5be18c9,,
1009,local_vs_no_reorder,max_replanning_runtime,local,no_reorder,0.0044484000009106,0.0010296999989805,0.0034187000019300995,332.0093236199801,loss,59d5fc10227424859a17932f916a88e8931935be60d343322b2bef07f5be18c9,,
1009,local_vs_no_reorder,total_algorithm_runtime,local,no_reorder,0.0911769000031199,0.0692358999967837,0.021941000006336198,31.690206969730227,loss,59d5fc10227424859a17932f916a88e8931935be60d343322b2bef07f5be18c9,,
1009,local_vs_no_reorder,assignment_changes,local,no_reorder,2.0,0.0,2.0,,loss,59d5fc10227424859a17932f916a88e8931935be60d343322b2bef07f5be18c9,,
1009,local_vs_no_reorder,successor_edge_changes,local,no_reorder,2.0,0.0,2.0,,loss,59d5fc10227424859a17932f916a88e8931935be60d343322b2bef07f5be18c9,,
1009,full_vs_no_reorder,weighted_mean_delay,full,no_reorder,16.741783312214697,17.61043512724277,-0.8686518150280733,-4.932597115015615,win,59d5fc10227424859a17932f916a88e8931935be60d343322b2bef07f5be18c9,,
1009,full_vs_no_reorder,weighted_delay,full,no_reorder,1757.8872477825432,1849.0956883604908,-91.20844057794761,-4.932597115015611,win,59d5fc10227424859a17932f916a88e8931935be60d343322b2bef07f5be18c9,,
1009,full_vs_no_reorder,high_priority_mean_delay,full,no_reorder,15.540591740243649,15.679856367707348,-0.1392646274636995,-0.888175402872407,win,59d5fc10227424859a17932f916a88e8931935be60d343322b2bef07f5be18c9,,
1009,full_vs_no_reorder,initial_planning_runtime,full,no_reorder,0.0714144000012311,0.0644090999994659,0.007005300001765205,10.876258171319417,loss,59d5fc10227424859a17932f916a88e8931935be60d343322b2bef07f5be18c9,,
1009,full_vs_no_reorder,total_replanning_runtime,full,no_reorder,0.0432280000004539,0.0048267999973177,0.0384012000031362,795.582995451979,loss,59d5fc10227424859a17932f916a88e8931935be60d343322b2bef07f5be18c9,,
1009,full_vs_no_reorder,mean_replanning_runtime,full,no_reorder,0.0043228000000453,0.0004826799997317,0.0038401200003135997,795.5829954520902,loss,59d5fc10227424859a17932f916a88e8931935be60d343322b2bef07f5be18c9,,
1009,full_vs_no_reorder,max_replanning_runtime,full,no_reorder,0.0136222999990422,0.0010296999989805,0.012592600000061701,1222.9387212323554,loss,59d5fc10227424859a17932f916a88e8931935be60d343322b2bef07f5be18c9,,
1009,full_vs_no_reorder,total_algorithm_runtime,full,no_reorder,0.114642400001685,0.0692358999967837,0.045406500004901304,65.58230629920406,loss,59d5fc10227424859a17932f916a88e8931935be60d343322b2bef07f5be18c9,,
1009,full_vs_no_reorder,assignment_changes,full,no_reorder,9.0,0.0,9.0,,loss,59d5fc10227424859a17932f916a88e8931935be60d343322b2bef07f5be18c9,,
1009,full_vs_no_reorder,successor_edge_changes,full,no_reorder,6.0,0.0,6.0,,loss,59d5fc10227424859a17932f916a88e8931935be60d343322b2bef07f5be18c9,,
1010,local_vs_full,weighted_mean_delay,local,full,22.685211443543903,22.685211443543903,0.0,0.0,tie,1869ca5c28bbda9783a20b243d73b3d93d0c9dc2e12806f72db45732b060479d,,
1010,local_vs_full,weighted_delay,local,full,3175.9296020961465,3175.9296020961465,0.0,0.0,tie,1869ca5c28bbda9783a20b243d73b3d93d0c9dc2e12806f72db45732b060479d,0.0,
1010,local_vs_full,high_priority_mean_delay,local,full,20.237213164362664,20.237213164362664,0.0,0.0,tie,1869ca5c28bbda9783a20b243d73b3d93d0c9dc2e12806f72db45732b060479d,,
1010,local_vs_full,initial_planning_runtime,local,full,0.0488380000006145,0.0477085000002261,0.0011295000003884031,2.3675026470818623,loss,1869ca5c28bbda9783a20b243d73b3d93d0c9dc2e12806f72db45732b060479d,,
1010,local_vs_full,total_replanning_runtime,local,full,0.0414558000029501,0.1146569000029558,-0.0732011000000057,-63.843606445070996,win,1869ca5c28bbda9783a20b243d73b3d93d0c9dc2e12806f72db45732b060479d,,0.36156393554929
1010,local_vs_full,mean_replanning_runtime,local,full,0.004145580000295,0.0114656900002955,-0.0073201100000005,-63.84360644507083,win,1869ca5c28bbda9783a20b243d73b3d93d0c9dc2e12806f72db45732b060479d,,
1010,local_vs_full,max_replanning_runtime,local,full,0.0123506999989331,0.0362875999999232,-0.023936900000990097,-65.96440657701463,win,1869ca5c28bbda9783a20b243d73b3d93d0c9dc2e12806f72db45732b060479d,,
1010,local_vs_full,total_algorithm_runtime,local,full,0.0902938000035646,0.162365400003182,-0.0720715999996174,-44.388521198608174,win,1869ca5c28bbda9783a20b243d73b3d93d0c9dc2e12806f72db45732b060479d,,
1010,local_vs_full,assignment_changes,local,full,9.0,12.0,-3.0,-25.0,win,1869ca5c28bbda9783a20b243d73b3d93d0c9dc2e12806f72db45732b060479d,,
1010,local_vs_full,successor_edge_changes,local,full,8.0,12.0,-4.0,-33.33333333333333,win,1869ca5c28bbda9783a20b243d73b3d93d0c9dc2e12806f72db45732b060479d,,
1010,local_vs_no_reorder,weighted_mean_delay,local,no_reorder,22.685211443543903,23.23808477275361,-0.5528733292097066,-2.3791690865072677,win,1869ca5c28bbda9783a20b243d73b3d93d0c9dc2e12806f72db45732b060479d,,
1010,local_vs_no_reorder,weighted_delay,local,no_reorder,3175.9296020961465,3253.3318681855053,-77.40226608935882,-2.3791690865072646,win,1869ca5c28bbda9783a20b243d73b3d93d0c9dc2e12806f72db45732b060479d,,
1010,local_vs_no_reorder,high_priority_mean_delay,local,no_reorder,20.237213164362664,21.008227065909654,-0.7710139015469899,-3.670056969243849,win,1869ca5c28bbda9783a20b243d73b3d93d0c9dc2e12806f72db45732b060479d,,
1010,local_vs_no_reorder,initial_planning_runtime,local,no_reorder,0.0488380000006145,0.0512460999998438,-0.0024080999992293003,-4.699089295061752,win,1869ca5c28bbda9783a20b243d73b3d93d0c9dc2e12806f72db45732b060479d,,
1010,local_vs_no_reorder,total_replanning_runtime,local,no_reorder,0.0414558000029501,0.0067780999997921,0.034677700003158,511.6138741567939,loss,1869ca5c28bbda9783a20b243d73b3d93d0c9dc2e12806f72db45732b060479d,,
1010,local_vs_no_reorder,mean_replanning_runtime,local,no_reorder,0.004145580000295,0.0006778099999792,0.0034677700003158006,511.61387415680156,loss,1869ca5c28bbda9783a20b243d73b3d93d0c9dc2e12806f72db45732b060479d,,
1010,local_vs_no_reorder,max_replanning_runtime,local,no_reorder,0.0123506999989331,0.0015125000008993,0.0108381999980338,716.5752060555134,loss,1869ca5c28bbda9783a20b243d73b3d93d0c9dc2e12806f72db45732b060479d,,
1010,local_vs_no_reorder,total_algorithm_runtime,local,no_reorder,0.0902938000035646,0.058024199999636,0.0322696000039286,55.61403690896392,loss,1869ca5c28bbda9783a20b243d73b3d93d0c9dc2e12806f72db45732b060479d,,
1010,local_vs_no_reorder,assignment_changes,local,no_reorder,9.0,0.0,9.0,,loss,1869ca5c28bbda9783a20b243d73b3d93d0c9dc2e12806f72db45732b060479d,,
1010,local_vs_no_reorder,successor_edge_changes,local,no_reorder,8.0,0.0,8.0,,loss,1869ca5c28bbda9783a20b243d73b3d93d0c9dc2e12806f72db45732b060479d,,
1010,full_vs_no_reorder,weighted_mean_delay,full,no_reorder,22.685211443543903,23.23808477275361,-0.5528733292097066,-2.3791690865072677,win,1869ca5c28bbda9783a20b243d73b3d93d0c9dc2e12806f72db45732b060479d,,
1010,full_vs_no_reorder,weighted_delay,full,no_reorder,3175.9296020961465,3253.3318681855053,-77.40226608935882,-2.3791690865072646,win,1869ca5c28bbda9783a20b243d73b3d93d0c9dc2e12806f72db45732b060479d,,
1010,full_vs_no_reorder,high_priority_mean_delay,full,no_reorder,20.237213164362664,21.008227065909654,-0.7710139015469899,-3.670056969243849,win,1869ca5c28bbda9783a20b243d73b3d93d0c9dc2e12806f72db45732b060479d,,
1010,full_vs_no_reorder,initial_planning_runtime,full,no_reorder,0.0477085000002261,0.0512460999998438,-0.0035375999996177035,-6.9031594592144305,win,1869ca5c28bbda9783a20b243d73b3d93d0c9dc2e12806f72db45732b060479d,,
1010,full_vs_no_reorder,total_replanning_runtime,full,no_reorder,0.1146569000029558,0.0067780999997921,0.10787880000316369,1591.578761105215,loss,1869ca5c28bbda9783a20b243d73b3d93d0c9dc2e12806f72db45732b060479d,,
1010,full_vs_no_reorder,mean_replanning_runtime,full,no_reorder,0.0114656900002955,0.0006778099999792,0.0107878800003163,1591.5787611052285,loss,1869ca5c28bbda9783a20b243d73b3d93d0c9dc2e12806f72db45732b060479d,,
1010,full_vs_no_reorder,max_replanning_runtime,full,no_reorder,0.0362875999999232,0.0015125000008993,0.034775099999023895,2299.1801638576776,loss,1869ca5c28bbda9783a20b243d73b3d93d0c9dc2e12806f72db45732b060479d,,
1010,full_vs_no_reorder,total_algorithm_runtime,full,no_reorder,0.162365400003182,0.058024199999636,0.104341200003546,179.82359085381714,loss,1869ca5c28bbda9783a20b243d73b3d93d0c9dc2e12806f72db45732b060479d,,
1010,full_vs_no_reorder,assignment_changes,full,no_reorder,12.0,0.0,12.0,,loss,1869ca5c28bbda9783a20b243d73b3d93d0c9dc2e12806f72db45732b060479d,,
1010,full_vs_no_reorder,successor_edge_changes,full,no_reorder,12.0,0.0,12.0,,loss,1869ca5c28bbda9783a20b243d73b3d93d0c9dc2e12806f72db45732b060479d,,
1011,local_vs_full,weighted_mean_delay,local,full,17.517635224424367,17.78161860137777,-0.26398337695340146,-1.4845857560624278,win,84e1ef84e26c149f9976481e51b4d6bcd4ca3f787ac6e8c54689347ecc9d2b53,,
1011,local_vs_full,weighted_delay,local,full,1646.6577110958906,1671.4721485295104,-24.814437433619787,-1.4845857560624307,win,84e1ef84e26c149f9976481e51b4d6bcd4ca3f787ac6e8c54689347ecc9d2b53,-1.4845857560624307,
1011,local_vs_full,high_priority_mean_delay,local,full,13.835358399838457,12.622762068067107,1.2125963317713495,9.60642627368347,loss,84e1ef84e26c149f9976481e51b4d6bcd4ca3f787ac6e8c54689347ecc9d2b53,,
1011,local_vs_full,initial_planning_runtime,local,full,0.0603826000005938,0.069119399999181,-0.008736799998587202,-12.640156017978635,win,84e1ef84e26c149f9976481e51b4d6bcd4ca3f787ac6e8c54689347ecc9d2b53,,
1011,local_vs_full,total_replanning_runtime,local,full,0.030566200004614,0.107039699996676,-0.07647349999206199,-71.4440529956986,win,84e1ef84e26c149f9976481e51b4d6bcd4ca3f787ac6e8c54689347ecc9d2b53,,0.28555947004301396
1011,local_vs_full,mean_replanning_runtime,local,full,0.0030566200004614,0.0107039699996676,-0.0076473499992062,-71.4440529956986,win,84e1ef84e26c149f9976481e51b4d6bcd4ca3f787ac6e8c54689347ecc9d2b53,,
1011,local_vs_full,max_replanning_runtime,local,full,0.0106610000002547,0.0352239999992889,-0.0245629999990342,-69.73370429119372,win,84e1ef84e26c149f9976481e51b4d6bcd4ca3f787ac6e8c54689347ecc9d2b53,,
1011,local_vs_full,total_algorithm_runtime,local,full,0.0909488000052078,0.1761590999958571,-0.0852102999906493,-48.37121669709556,win,84e1ef84e26c149f9976481e51b4d6bcd4ca3f787ac6e8c54689347ecc9d2b53,,
1011,local_vs_full,assignment_changes,local,full,5.0,15.0,-10.0,-66.66666666666666,win,84e1ef84e26c149f9976481e51b4d6bcd4ca3f787ac6e8c54689347ecc9d2b53,,
1011,local_vs_full,successor_edge_changes,local,full,4.0,12.0,-8.0,-66.66666666666666,win,84e1ef84e26c149f9976481e51b4d6bcd4ca3f787ac6e8c54689347ecc9d2b53,,
1011,local_vs_no_reorder,weighted_mean_delay,local,no_reorder,17.517635224424367,17.899107823429983,-0.38147259900561536,-2.1312380637557067,win,84e1ef84e26c149f9976481e51b4d6bcd4ca3f787ac6e8c54689347ecc9d2b53,,
1011,local_vs_no_reorder,weighted_delay,local,no_reorder,1646.6577110958906,1682.5161354024185,-35.85842430652792,-2.131238063755711,win,84e1ef84e26c149f9976481e51b4d6bcd4ca3f787ac6e8c54689347ecc9d2b53,,
1011,local_vs_no_reorder,high_priority_mean_delay,local,no_reorder,13.835358399838457,13.339348306544622,0.49601009329383494,3.7183982447664246,loss,84e1ef84e26c149f9976481e51b4d6bcd4ca3f787ac6e8c54689347ecc9d2b53,,
1011,local_vs_no_reorder,initial_planning_runtime,local,no_reorder,0.0603826000005938,0.0577438000000256,0.002638800000568195,4.569841265325498,loss,84e1ef84e26c149f9976481e51b4d6bcd4ca3f787ac6e8c54689347ecc9d2b53,,
1011,local_vs_no_reorder,total_replanning_runtime,local,no_reorder,0.030566200004614,0.006478799998149,0.024087400006464997,371.78798563540767,loss,84e1ef84e26c149f9976481e51b4d6bcd4ca3f787ac6e8c54689347ecc9d2b53,,
1011,local_vs_no_reorder,mean_replanning_runtime,local,no_reorder,0.0030566200004614,0.0006478799998149,0.0024087400006464997,371.78798563540767,loss,84e1ef84e26c149f9976481e51b4d6bcd4ca3f787ac6e8c54689347ecc9d2b53,,
1011,local_vs_no_reorder,max_replanning_runtime,local,no_reorder,0.0106610000002547,0.0017416000009689,0.0089193999992858,512.1382633396701,loss,84e1ef84e26c149f9976481e51b4d6bcd4ca3f787ac6e8c54689347ecc9d2b53,,
1011,local_vs_no_reorder,total_algorithm_runtime,local,no_reorder,0.0909488000052078,0.0642225999981747,0.026726200007033102,41.61494552975541,loss,84e1ef84e26c149f9976481e51b4d6bcd4ca3f787ac6e8c54689347ecc9d2b53,,
1011,local_vs_no_reorder,assignment_changes,local,no_reorder,5.0,0.0,5.0,,loss,84e1ef84e26c149f9976481e51b4d6bcd4ca3f787ac6e8c54689347ecc9d2b53,,
1011,local_vs_no_reorder,successor_edge_changes,local,no_reorder,4.0,0.0,4.0,,loss,84e1ef84e26c149f9976481e51b4d6bcd4ca3f787ac6e8c54689347ecc9d2b53,,
1011,full_vs_no_reorder,weighted_mean_delay,full,no_reorder,17.78161860137777,17.899107823429983,-0.1174892220522139,-0.656397085325226,win,84e1ef84e26c149f9976481e51b4d6bcd4ca3f787ac6e8c54689347ecc9d2b53,,
1011,full_vs_no_reorder,weighted_delay,full,no_reorder,1671.4721485295104,1682.5161354024185,-11.043986872908135,-0.6563970853252276,win,84e1ef84e26c149f9976481e51b4d6bcd4ca3f787ac6e8c54689347ecc9d2b53,,
1011,full_vs_no_reorder,high_priority_mean_delay,full,no_reorder,12.622762068067107,13.339348306544622,-0.7165862384775146,-5.371973367888889,win,84e1ef84e26c149f9976481e51b4d6bcd4ca3f787ac6e8c54689347ecc9d2b53,,
1011,full_vs_no_reorder,initial_planning_runtime,full,no_reorder,0.069119399999181,0.0577438000000256,0.011375599999155397,19.70012364816717,loss,84e1ef84e26c149f9976481e51b4d6bcd4ca3f787ac6e8c54689347ecc9d2b53,,
1011,full_vs_no_reorder,total_replanning_runtime,full,no_reorder,0.107039699996676,0.006478799998149,0.10056089999852699,1552.1531769348853,loss,84e1ef84e26c149f9976481e51b4d6bcd4ca3f787ac6e8c54689347ecc9d2b53,,
1011,full_vs_no_reorder,mean_replanning_runtime,full,no_reorder,0.0107039699996676,0.0006478799998149,0.0100560899998527,1552.1531769348853,loss,84e1ef84e26c149f9976481e51b4d6bcd4ca3f787ac6e8c54689347ecc9d2b53,,
1011,full_vs_no_reorder,max_replanning_runtime,full,no_reorder,0.0352239999992889,0.0017416000009689,0.03348239999832,1922.5080374192019,loss,84e1ef84e26c149f9976481e51b4d6bcd4ca3f787ac6e8c54689347ecc9d2b53,,
1011,full_vs_no_reorder,total_algorithm_runtime,full,no_reorder,0.1761590999958571,0.0642225999981747,0.1119364999976824,174.29456297450398,loss,84e1ef84e26c149f9976481e51b4d6bcd4ca3f787ac6e8c54689347ecc9d2b53,,
1011,full_vs_no_reorder,assignment_changes,full,no_reorder,15.0,0.0,15.0,,loss,84e1ef84e26c149f9976481e51b4d6bcd4ca3f787ac6e8c54689347ecc9d2b53,,
1011,full_vs_no_reorder,successor_edge_changes,full,no_reorder,12.0,0.0,12.0,,loss,84e1ef84e26c149f9976481e51b4d6bcd4ca3f787ac6e8c54689347ecc9d2b53,,
1012,local_vs_full,weighted_mean_delay,local,full,18.24236317171209,18.220051634791,0.022311536921087338,0.12245594781127671,loss,5aa74fa4f62493624adc083d7764a9479d1906f1685d15b69cc5c48ea98be7dc,,
1012,local_vs_full,weighted_delay,local,full,1714.782138140936,1712.6848536703542,2.097284470581826,0.12245594781125431,loss,5aa74fa4f62493624adc083d7764a9479d1906f1685d15b69cc5c48ea98be7dc,0.12245594781125431,
1012,local_vs_full,high_priority_mean_delay,local,full,14.956002999806543,14.956002999806543,0.0,0.0,tie,5aa74fa4f62493624adc083d7764a9479d1906f1685d15b69cc5c48ea98be7dc,,
1012,local_vs_full,initial_planning_runtime,local,full,0.0895486000008531,0.0906407000002218,-0.001092099999368698,-1.204867128526176,win,5aa74fa4f62493624adc083d7764a9479d1906f1685d15b69cc5c48ea98be7dc,,
1012,local_vs_full,total_replanning_runtime,local,full,0.0192903000042861,0.0350959999977931,-0.015805699993507002,-45.03561657881494,win,5aa74fa4f62493624adc083d7764a9479d1906f1685d15b69cc5c48ea98be7dc,,0.5496438342118506
1012,local_vs_full,mean_replanning_runtime,local,full,0.0019290300004286,0.0035095999997793,-0.0015805699993507,-45.035616578815066,win,5aa74fa4f62493624adc083d7764a9479d1906f1685d15b69cc5c48ea98be7dc,,
1012,local_vs_full,max_replanning_runtime,local,full,0.0056435999995301,0.0081542999996599,-0.0025107000001298,-30.789889999564846,win,5aa74fa4f62493624adc083d7764a9479d1906f1685d15b69cc5c48ea98be7dc,,
1012,local_vs_full,total_algorithm_runtime,local,full,0.1088389000051393,0.1257366999980149,-0.016897799992875606,-13.439035693749227,win,5aa74fa4f62493624adc083d7764a9479d1906f1685d15b69cc5c48ea98be7dc,,
1012,local_vs_full,assignment_changes,local,full,4.0,7.0,-3.0,-42.857142857142854,win,5aa74fa4f62493624adc083d7764a9479d1906f1685d15b69cc5c48ea98be7dc,,
1012,local_vs_full,successor_edge_changes,local,full,3.0,3.0,0.0,0.0,tie,5aa74fa4f62493624adc083d7764a9479d1906f1685d15b69cc5c48ea98be7dc,,
1012,local_vs_no_reorder,weighted_mean_delay,local,no_reorder,18.24236317171209,19.010428283691,-0.7680651119789097,-4.040230448873321,win,5aa74fa4f62493624adc083d7764a9479d1906f1685d15b69cc5c48ea98be7dc,,
1012,local_vs_no_reorder,weighted_delay,local,no_reorder,1714.782138140936,1786.9802586669543,-72.19812052601833,-4.040230448873366,win,5aa74fa4f62493624adc083d7764a9479d1906f1685d15b69cc5c48ea98be7dc,,
1012,local_vs_no_reorder,high_priority_mean_delay,local,no_reorder,14.956002999806543,15.683822474027066,-0.7278194742205226,-4.640574550150743,win,5aa74fa4f62493624adc083d7764a9479d1906f1685d15b69cc5c48ea98be7dc,,
1012,local_vs_no_reorder,initial_planning_runtime,local,no_reorder,0.0895486000008531,0.1099897000003693,-0.020441099999516196,-18.58455837178169,win,5aa74fa4f62493624adc083d7764a9479d1906f1685d15b69cc5c48ea98be7dc,,
1012,local_vs_no_reorder,total_replanning_runtime,local,no_reorder,0.0192903000042861,0.0046017000022402,0.0146886000020459,319.19942618804345,loss,5aa74fa4f62493624adc083d7764a9479d1906f1685d15b69cc5c48ea98be7dc,,
1012,local_vs_no_reorder,mean_replanning_runtime,local,no_reorder,0.0019290300004286,0.000460170000224,0.0014688600002046,319.1994261880595,loss,5aa74fa4f62493624adc083d7764a9479d1906f1685d15b69cc5c48ea98be7dc,,
1012,local_vs_no_reorder,max_replanning_runtime,local,no_reorder,0.0056435999995301,0.0008568000012019,0.0047867999983282,558.6834724105256,loss,5aa74fa4f62493624adc083d7764a9479d1906f1685d15b69cc5c48ea98be7dc,,
1012,local_vs_no_reorder,total_algorithm_runtime,local,no_reorder,0.1088389000051393,0.1145914000026095,-0.005752499997470212,-5.020010225321633,win,5aa74fa4f62493624adc083d7764a9479d1906f1685d15b69cc5c48ea98be7dc,,
1012,local_vs_no_reorder,assignment_changes,local,no_reorder,4.0,0.0,4.0,,loss,5aa74fa4f62493624adc083d7764a9479d1906f1685d15b69cc5c48ea98be7dc,,
1012,local_vs_no_reorder,successor_edge_changes,local,no_reorder,3.0,0.0,3.0,,loss,5aa74fa4f62493624adc083d7764a9479d1906f1685d15b69cc5c48ea98be7dc,,
1012,full_vs_no_reorder,weighted_mean_delay,full,no_reorder,18.220051634791,19.010428283691,-0.790376648899997,-4.157595174107988,win,5aa74fa4f62493624adc083d7764a9479d1906f1685d15b69cc5c48ea98be7dc,,
1012,full_vs_no_reorder,weighted_delay,full,no_reorder,1712.6848536703542,1786.9802586669543,-74.29540499660015,-4.157595174108011,win,5aa74fa4f62493624adc083d7764a9479d1906f1685d15b69cc5c48ea98be7dc,,
1012,full_vs_no_reorder,high_priority_mean_delay,full,no_reorder,14.956002999806543,15.683822474027066,-0.7278194742205226,-4.640574550150743,win,5aa74fa4f62493624adc083d7764a9479d1906f1685d15b69cc5c48ea98be7dc,,
1012,full_vs_no_reorder,initial_planning_runtime,full,no_reorder,0.0906407000002218,0.1099897000003693,-0.019349000000147498,-17.591647217950893,win,5aa74fa4f62493624adc083d7764a9479d1906f1685d15b69cc5c48ea98be7dc,,
1012,full_vs_no_reorder,total_replanning_runtime,full,no_reorder,0.0350959999977931,0.0046017000022402,0.0304942999955529,662.6746632919935,loss,5aa74fa4f62493624adc083d7764a9479d1906f1685d15b69cc5c48ea98be7dc,,
1012,full_vs_no_reorder,mean_replanning_runtime,full,no_reorder,0.0035095999997793,0.000460170000224,0.0030494299995553003,662.6746632920244,loss,5aa74fa4f62493624adc083d7764a9479d1906f1685d15b69cc5c48ea98be7dc,,
1012,full_vs_no_reorder,max_replanning_runtime,full,no_reorder,0.0081542999996599,0.0008568000012019,0.007297499998458,851.71568489977,loss,5aa74fa4f62493624adc083d7764a9479d1906f1685d15b69cc5c48ea98be7dc,,
1012,full_vs_no_reorder,total_algorithm_runtime,full,no_reorder,0.1257366999980149,0.1145914000026095,0.011145299995405394,9.726122549468451,loss,5aa74fa4f62493624adc083d7764a9479d1906f1685d15b69cc5c48ea98be7dc,,
1012,full_vs_no_reorder,assignment_changes,full,no_reorder,7.0,0.0,7.0,,loss,5aa74fa4f62493624adc083d7764a9479d1906f1685d15b69cc5c48ea98be7dc,,
1012,full_vs_no_reorder,successor_edge_changes,full,no_reorder,3.0,0.0,3.0,,loss,5aa74fa4f62493624adc083d7764a9479d1906f1685d15b69cc5c48ea98be7dc,,
1013,local_vs_full,weighted_mean_delay,local,full,19.42628827445309,18.107745386921422,1.3185428875316667,7.281651356131852,loss,ccf8aa59af2d36542617beb6743dc515a8699a45c84e583f1ce89d37960154f2,,
1013,local_vs_full,weighted_delay,local,full,2117.4654219153867,1973.744247174435,143.7211747409517,7.281651356131855,loss,ccf8aa59af2d36542617beb6743dc515a8699a45c84e583f1ce89d37960154f2,7.281651356131855,
1013,local_vs_full,high_priority_mean_delay,local,full,16.391186719462816,15.85939976385446,0.5317869556083554,3.353134188724871,loss,ccf8aa59af2d36542617beb6743dc515a8699a45c84e583f1ce89d37960154f2,,
1013,local_vs_full,initial_planning_runtime,local,full,0.0707953999990422,0.0655408000002353,0.005254599998806911,8.01729609462815,loss,ccf8aa59af2d36542617beb6743dc515a8699a45c84e583f1ce89d37960154f2,,
1013,local_vs_full,total_replanning_runtime,local,full,0.0537101000027178,0.2120174000010593,-0.15830729999834148,-74.66712637620806,win,ccf8aa59af2d36542617beb6743dc515a8699a45c84e583f1ce89d37960154f2,,0.2533287362379194
1013,local_vs_full,mean_replanning_runtime,local,full,0.0053710100002717,0.0212017400001059,-0.015830729999834203,-74.66712637620842,win,ccf8aa59af2d36542617beb6743dc515a8699a45c84e583f1ce89d37960154f2,,
1013,local_vs_full,max_replanning_runtime,local,full,0.0181757000009383,0.1102896000011242,-0.0921139000001859,-83.52002364615248,win,ccf8aa59af2d36542617beb6743dc515a8699a45c84e583f1ce89d37960154f2,,
1013,local_vs_full,total_algorithm_runtime,local,full,0.12450550000176,0.2775582000012946,-0.1530526999995346,-55.142561091266884,win,ccf8aa59af2d36542617beb6743dc515a8699a45c84e583f1ce89d37960154f2,,
1013,local_vs_full,assignment_changes,local,full,10.0,17.0,-7.0,-41.17647058823529,win,ccf8aa59af2d36542617beb6743dc515a8699a45c84e583f1ce89d37960154f2,,
1013,local_vs_full,successor_edge_changes,local,full,11.0,13.0,-2.0,-15.384615384615385,win,ccf8aa59af2d36542617beb6743dc515a8699a45c84e583f1ce89d37960154f2,,
1013,local_vs_no_reorder,weighted_mean_delay,local,no_reorder,19.42628827445309,19.35336135043163,0.07292692402145917,0.3768178700380268,loss,ccf8aa59af2d36542617beb6743dc515a8699a45c84e583f1ce89d37960154f2,,
1013,local_vs_no_reorder,weighted_delay,local,no_reorder,2117.4654219153867,2109.516387197048,7.94903471833868,0.37681787003800926,loss,ccf8aa59af2d36542617beb6743dc515a8699a45c84e583f1ce89d37960154f2,,
1013,local_vs_no_reorder,high_priority_mean_delay,local,no_reorder,16.391186719462816,15.60606437503902,0.7851223444237956,5.030879826944405,loss,ccf8aa59af2d36542617beb6743dc515a8699a45c84e583f1ce89d37960154f2,,
1013,local_vs_no_reorder,initial_planning_runtime,local,no_reorder,0.0707953999990422,0.0634684999986348,0.0073269000004074075,11.544151824235659,loss,ccf8aa59af2d36542617beb6743dc515a8699a45c84e583f1ce89d37960154f2,,
1013,local_vs_no_reorder,total_replanning_runtime,local,no_reorder,0.0537101000027178,0.0078065999969112,0.045903500005806605,588.0088646013504,loss,ccf8aa59af2d36542617beb6743dc515a8699a45c84e583f1ce89d37960154f2,,
1013,local_vs_no_reorder,mean_replanning_runtime,local,no_reorder,0.0053710100002717,0.0007806599996911,0.0045903500005806,588.0088646013577,loss,ccf8aa59af2d36542617beb6743dc515a8699a45c84e583f1ce89d37960154f2,,
1013,local_vs_no_reorder,max_replanning_runtime,local,no_reorder,0.0181757000009383,0.0024644000004627,0.0157113000004756,637.530433270806,loss,ccf8aa59af2d36542617beb6743dc515a8699a45c84e583f1ce89d37960154f2,,
1013,local_vs_no_reorder,total_algorithm_runtime,local,no_reorder,0.12450550000176,0.071275099995546,0.053230400006214,74.68302395863405,loss,ccf8aa59af2d36542617beb6743dc515a8699a45c84e583f1ce89d37960154f2,,
1013,local_vs_no_reorder,assignment_changes,local,no_reorder,10.0,0.0,10.0,,loss,ccf8aa59af2d36542617beb6743dc515a8699a45c84e583f1ce89d37960154f2,,
1013,local_vs_no_reorder,successor_edge_changes,local,no_reorder,11.0,0.0,11.0,,loss,ccf8aa59af2d36542617beb6743dc515a8699a45c84e583f1ce89d37960154f2,,
1013,full_vs_no_reorder,weighted_mean_delay,full,no_reorder,18.107745386921422,19.35336135043163,-1.2456159635102075,-6.43617375274413,win,ccf8aa59af2d36542617beb6743dc515a8699a45c84e583f1ce89d37960154f2,,
1013,full_vs_no_reorder,weighted_delay,full,no_reorder,1973.744247174435,2109.516387197048,-135.77214002261303,-6.436173752744148,win,ccf8aa59af2d36542617beb6743dc515a8699a45c84e583f1ce89d37960154f2,,
1013,full_vs_no_reorder,high_priority_mean_delay,full,no_reorder,15.85939976385446,15.60606437503902,0.25333538881544015,1.6233137498819699,loss,ccf8aa59af2d36542617beb6743dc515a8699a45c84e583f1ce89d37960154f2,,
1013,full_vs_no_reorder,initial_planning_runtime,full,no_reorder,0.0655408000002353,0.0634684999986348,0.0020723000016004967,3.265084256985862,loss,ccf8aa59af2d36542617beb6743dc515a8699a45c84e583f1ce89d37960154f2,,
1013,full_vs_no_reorder,total_replanning_runtime,full,no_reorder,0.2120174000010593,0.0078065999969112,0.2042108000041481,2615.8737489425257,loss,ccf8aa59af2d36542617beb6743dc515a8699a45c84e583f1ce89d37960154f2,,
1013,full_vs_no_reorder,mean_replanning_runtime,full,no_reorder,0.0212017400001059,0.0007806599996911,0.0204210800004148,2615.873748942591,loss,ccf8aa59af2d36542617beb6743dc515a8699a45c84e583f1ce89d37960154f2,,
1013,full_vs_no_reorder,max_replanning_runtime,full,no_reorder,0.1102896000011242,0.0024644000004627,0.1078252000006615,4375.312448483076,loss,ccf8aa59af2d36542617beb6743dc515a8699a45c84e583f1ce89d37960154f2,,
1013,full_vs_no_reorder,total_algorithm_runtime,full,no_reorder,0.2775582000012946,0.071275099995546,0.20628310000574862,289.41818393610015,loss,ccf8aa59af2d36542617beb6743dc515a8699a45c84e583f1ce89d37960154f2,,
1013,full_vs_no_reorder,assignment_changes,full,no_reorder,17.0,0.0,17.0,,loss,ccf8aa59af2d36542617beb6743dc515a8699a45c84e583f1ce89d37960154f2,,
1013,full_vs_no_reorder,successor_edge_changes,full,no_reorder,13.0,0.0,13.0,,loss,ccf8aa59af2d36542617beb6743dc515a8699a45c84e583f1ce89d37960154f2,,
1014,local_vs_full,weighted_mean_delay,local,full,19.80875880068216,19.905257843367615,-0.09649904268545484,-0.48479172410021354,win,3aaedda4226c8e220424c1bc8f1d03665ebe9998cf567a34dad06e65f472bc41,,
1014,local_vs_full,weighted_delay,local,full,2377.0510560818598,2388.630941204114,-11.579885122254382,-0.4847917241002051,win,3aaedda4226c8e220424c1bc8f1d03665ebe9998cf567a34dad06e65f472bc41,-0.4847917241002051,
1014,local_vs_full,high_priority_mean_delay,local,full,16.762587687082537,16.918989814830592,-0.15640212774805562,-0.9244176482153741,win,3aaedda4226c8e220424c1bc8f1d03665ebe9998cf567a34dad06e65f472bc41,,
1014,local_vs_full,initial_planning_runtime,local,full,0.0493762000005517,0.0578319000014744,-0.008455700000922703,-14.621169286686289,win,3aaedda4226c8e220424c1bc8f1d03665ebe9998cf567a34dad06e65f472bc41,,
1014,local_vs_full,total_replanning_runtime,local,full,0.0436419999969075,0.1371029000019916,-0.0934609000050841,-68.16843407668726,win,3aaedda4226c8e220424c1bc8f1d03665ebe9998cf567a34dad06e65f472bc41,,0.31831565923312743
1014,local_vs_full,mean_replanning_runtime,local,full,0.0043641999996907,0.0137102900001991,-0.0093460900005084,-68.16843407668749,win,3aaedda4226c8e220424c1bc8f1d03665ebe9998cf567a34dad06e65f472bc41,,
1014,local_vs_full,max_replanning_runtime,local,full,0.0148821999991923,0.0464374999992287,-0.031555300000036396,-67.95219381008994,win,3aaedda4226c8e220424c1bc8f1d03665ebe9998cf567a34dad06e65f472bc41,,
1014,local_vs_full,total_algorithm_runtime,local,full,0.0930181999974593,0.194934800003466,-0.10191660000600669,-52.28240417010949,win,3aaedda4226c8e220424c1bc8f1d03665ebe9998cf567a34dad06e65f472bc41,,
1014,local_vs_full,assignment_changes,local,full,8.0,14.0,-6.0,-42.857142857142854,win,3aaedda4226c8e220424c1bc8f1d03665ebe9998cf567a34dad06e65f472bc41,,
1014,local_vs_full,successor_edge_changes,local,full,11.0,18.0,-7.0,-38.88888888888889,win,3aaedda4226c8e220424c1bc8f1d03665ebe9998cf567a34dad06e65f472bc41,,
1014,local_vs_no_reorder,weighted_mean_delay,local,no_reorder,19.80875880068216,20.358693136952965,-0.5499343362708053,-2.701226117862262,win,3aaedda4226c8e220424c1bc8f1d03665ebe9998cf567a34dad06e65f472bc41,,
1014,local_vs_no_reorder,weighted_delay,local,no_reorder,2377.0510560818598,2443.043176434356,-65.99212035249639,-2.701226117862251,win,3aaedda4226c8e220424c1bc8f1d03665ebe9998cf567a34dad06e65f472bc41,,
1014,local_vs_no_reorder,high_priority_mean_delay,local,no_reorder,16.762587687082537,17.268605825190008,-0.5060181381074713,-2.930277888266661,win,3aaedda4226c8e220424c1bc8f1d03665ebe9998cf567a34dad06e65f472bc41,,
1014,local_vs_no_reorder,initial_planning_runtime,local,no_reorder,0.0493762000005517,0.0543233999997028,-0.0049471999991511015,-9.106941022060782,win,3aaedda4226c8e220424c1bc8f1d03665ebe9998cf567a34dad06e65f472bc41,,
1014,local_vs_no_reorder,total_replanning_runtime,local,no_reorder,0.0436419999969075,0.0067386000009719,0.0369033999959356,547.6419432910853,loss,3aaedda4226c8e220424c1bc8f1d03665ebe9998cf567a34dad06e65f472bc41,,
1014,local_vs_no_reorder,mean_replanning_runtime,local,no_reorder,0.0043641999996907,0.0006738600000971,0.0036903399995936,547.6419432911642,loss,3aaedda4226c8e220424c1bc8f1d03665ebe9998cf567a34dad06e65f472bc41,,
1014,local_vs_no_reorder,max_replanning_runtime,local,no_reorder,0.0148821999991923,0.0016840999996929,0.013198099999499401,783.6886171786775,loss,3aaedda4226c8e220424c1bc8f1d03665ebe9998cf567a34dad06e65f472bc41,,
1014,local_vs_no_reorder,total_algorithm_runtime,local,no_reorder,0.0930181999974593,0.0610620000006747,0.031956199996784604,52.334021152978124,loss,3aaedda4226c8e220424c1bc8f1d03665ebe9998cf567a34dad06e65f472bc41,,
1014,local_vs_no_reorder,assignment_changes,local,no_reorder,8.0,0.0,8.0,,loss,3aaedda4226c8e220424c1bc8f1d03665ebe9998cf567a34dad06e65f472bc41,,
1014,local_vs_no_reorder,successor_edge_changes,local,no_reorder,11.0,0.0,11.0,,loss,3aaedda4226c8e220424c1bc8f1d03665ebe9998cf567a34dad06e65f472bc41,,
1014,full_vs_no_reorder,weighted_mean_delay,full,no_reorder,19.905257843367615,20.358693136952965,-0.4534352935853505,-2.2272318293472497,win,3aaedda4226c8e220424c1bc8f1d03665ebe9998cf567a34dad06e65f472bc41,,
1014,full_vs_no_reorder,weighted_delay,full,no_reorder,2388.630941204114,2443.043176434356,-54.412235230242004,-2.227231829347247,win,3aaedda4226c8e220424c1bc8f1d03665ebe9998cf567a34dad06e65f472bc41,,
1014,full_vs_no_reorder,high_priority_mean_delay,full,no_reorder,16.918989814830592,17.268605825190008,-0.3496160103594157,-2.024575775824502,win,3aaedda4226c8e220424c1bc8f1d03665ebe9998cf567a34dad06e65f472bc41,,
1014,full_vs_no_reorder,initial_planning_runtime,full,no_reorder,0.0578319000014744,0.0543233999997028,0.0035085000017716014,6.458542730739969,loss,3aaedda4226c8e220424c1bc8f1d03665ebe9998cf567a34dad06e65f472bc41,,
1014,full_vs_no_reorder,total_replanning_runtime,full,no_reorder,0.1371029000019916,0.0067386000009719,0.1303643000010197,1934.5902707122762,loss,3aaedda4226c8e220424c1bc8f1d03665ebe9998cf567a34dad06e65f472bc41,,
1014,full_vs_no_reorder,mean_replanning_runtime,full,no_reorder,0.0137102900001991,0.0006738600000971,0.013036430000102,1934.5902707125385,loss,3aaedda4226c8e220424c1bc8f1d03665ebe9998cf567a34dad06e65f472bc41,,
1014,full_vs_no_reorder,max_replanning_runtime,full,no_reorder,0.0464374999992287,0.0016840999996929,0.0447533999995358,2657.407517825349,loss,3aaedda4226c8e220424c1bc8f1d03665ebe9998cf567a34dad06e65f472bc41,,
1014,full_vs_no_reorder,total_algorithm_runtime,full,no_reorder,0.194934800003466,0.0610620000006747,0.13387280000279128,219.24077167684004,loss,3aaedda4226c8e220424c1bc8f1d03665ebe9998cf567a34dad06e65f472bc41,,
1014,full_vs_no_reorder,assignment_changes,full,no_reorder,14.0,0.0,14.0,,loss,3aaedda4226c8e220424c1bc8f1d03665ebe9998cf567a34dad06e65f472bc41,,
1014,full_vs_no_reorder,successor_edge_changes,full,no_reorder,18.0,0.0,18.0,,loss,3aaedda4226c8e220424c1bc8f1d03665ebe9998cf567a34dad06e65f472bc41,,
1015,local_vs_full,weighted_mean_delay,local,full,18.906323820050904,18.646754657668957,0.25956916238194694,1.3920339874005498,loss,082327ff86e78dc801d3de3348edd45a8681c49616b965751f7f852f4b1a5869,,
1015,local_vs_full,weighted_delay,local,full,2268.7588584061086,2237.6105589202743,31.148299485834286,1.3920339874005794,loss,082327ff86e78dc801d3de3348edd45a8681c49616b965751f7f852f4b1a5869,1.3920339874005794,
1015,local_vs_full,high_priority_mean_delay,local,full,16.74597031080381,16.258692217011244,0.4872780937925647,2.997031294329641,loss,082327ff86e78dc801d3de3348edd45a8681c49616b965751f7f852f4b1a5869,,
1015,local_vs_full,initial_planning_runtime,local,full,0.0598406999997678,0.0557952999988629,0.004045400000904899,7.250431489726453,loss,082327ff86e78dc801d3de3348edd45a8681c49616b965751f7f852f4b1a5869,,
1015,local_vs_full,total_replanning_runtime,local,full,0.03010009999889,0.0817853000044124,-0.0516852000055224,-63.19619785307865,win,082327ff86e78dc801d3de3348edd45a8681c49616b965751f7f852f4b1a5869,,0.3680380214692135
1015,local_vs_full,mean_replanning_runtime,local,full,0.003010009999889,0.0081785300004412,-0.005168520000552201,-63.19619785307847,win,082327ff86e78dc801d3de3348edd45a8681c49616b965751f7f852f4b1a5869,,
1015,local_vs_full,max_replanning_runtime,local,full,0.0067144999993615,0.0164207999987411,-0.0097062999993796,-59.1097875872292,win,082327ff86e78dc801d3de3348edd45a8681c49616b965751f7f852f4b1a5869,,
1015,local_vs_full,total_algorithm_runtime,local,full,0.0899407999986579,0.1375806000032753,-0.0476398000046174,-34.626829657294174,win,082327ff86e78dc801d3de3348edd45a8681c49616b965751f7f852f4b1a5869,,
1015,local_vs_full,assignment_changes,local,full,5.0,10.0,-5.0,-50.0,win,082327ff86e78dc801d3de3348edd45a8681c49616b965751f7f852f4b1a5869,,
1015,local_vs_full,successor_edge_changes,local,full,8.0,14.0,-6.0,-42.857142857142854,win,082327ff86e78dc801d3de3348edd45a8681c49616b965751f7f852f4b1a5869,,
1015,local_vs_no_reorder,weighted_mean_delay,local,no_reorder,18.906323820050904,18.90498139685521,0.0013424231956946642,0.007100896676459954,loss,082327ff86e78dc801d3de3348edd45a8681c49616b965751f7f852f4b1a5869,,
1015,local_vs_no_reorder,weighted_delay,local,no_reorder,2268.7588584061086,2268.5977676226253,0.1610907834833597,0.007100896676459954,loss,082327ff86e78dc801d3de3348edd45a8681c49616b965751f7f852f4b1a5869,,
1015,local_vs_no_reorder,high_priority_mean_delay,local,no_reorder,16.74597031080381,15.959245787133687,0.7867245236701219,4.929584606713544,loss,082327ff86e78dc801d3de3348edd45a8681c49616b965751f7f852f4b1a5869,,
1015,local_vs_no_reorder,initial_planning_runtime,local,no_reorder,0.0598406999997678,0.0605658999993465,-0.0007251999995787003,-1.1973734388270052,win,082327ff86e78dc801d3de3348edd45a8681c49616b965751f7f852f4b1a5869,,
1015,local_vs_no_reorder,total_replanning_runtime,local,no_reorder,0.03010009999889,0.0066466000007494,0.0234534999981406,352.864622446006,loss,082327ff86e78dc801d3de3348edd45a8681c49616b965751f7f852f4b1a5869,,
1015,local_vs_no_reorder,mean_replanning_runtime,local,no_reorder,0.003010009999889,0.0006646600000749,0.0023453499998140996,352.86462244603314,loss,082327ff86e78dc801d3de3348edd45a8681c49616b965751f7f852f4b1a5869,,
1015,local_vs_no_reorder,max_replanning_runtime,local,no_reorder,0.0067144999993615,0.0009699000002001,0.005744599999161401,592.2878645196652,loss,082327ff86e78dc801d3de3348edd45a8681c49616b965751f7f852f4b1a5869,,
1015,local_vs_no_reorder,total_algorithm_runtime,local,no_reorder,0.0899407999986579,0.067212500000096,0.022728299998561893,33.815584896454425,loss,082327ff86e78dc801d3de3348edd45a8681c49616b965751f7f852f4b1a5869,,
1015,local_vs_no_reorder,assignment_changes,local,no_reorder,5.0,0.0,5.0,,loss,082327ff86e78dc801d3de3348edd45a8681c49616b965751f7f852f4b1a5869,,
1015,local_vs_no_reorder,successor_edge_changes,local,no_reorder,8.0,0.0,8.0,,loss,082327ff86e78dc801d3de3348edd45a8681c49616b965751f7f852f4b1a5869,,
1015,full_vs_no_reorder,weighted_mean_delay,full,no_reorder,18.646754657668957,18.90498139685521,-0.2582267391862523,-1.3659190335368834,win,082327ff86e78dc801d3de3348edd45a8681c49616b965751f7f852f4b1a5869,,
1015,full_vs_no_reorder,weighted_delay,full,no_reorder,2237.6105589202743,2268.5977676226253,-30.987208702350927,-1.365919033536912,win,082327ff86e78dc801d3de3348edd45a8681c49616b965751f7f852f4b1a5869,,
1015,full_vs_no_reorder,high_priority_mean_delay,full,no_reorder,16.258692217011244,15.959245787133687,0.2994464298775572,1.8763194318303584,loss,082327ff86e78dc801d3de3348edd45a8681c49616b965751f7f852f4b1a5869,,
1015,full_vs_no_reorder,initial_planning_runtime,full,no_reorder,0.0557952999988629,0.0605658999993465,-0.004770600000483599,-7.876709502434659,win,082327ff86e78dc801d3de3348edd45a8681c49616b965751f7f852f4b1a5869,,
1015,full_vs_no_reorder,total_replanning_runtime,full,no_reorder,0.0817853000044124,0.0066466000007494,0.075138700003663,1130.4832545239847,loss,082327ff86e78dc801d3de3348edd45a8681c49616b965751f7f852f4b1a5869,,
1015,full_vs_no_reorder,mean_replanning_runtime,full,no_reorder,0.0081785300004412,0.0006646600000749,0.0075138700003663005,1130.4832545240527,loss,082327ff86e78dc801d3de3348edd45a8681c49616b965751f7f852f4b1a5869,,
1015,full_vs_no_reorder,max_replanning_runtime,full,no_reorder,0.0164207999987411,0.0009699000002001,0.015450899998541,1593.040519162112,loss,082327ff86e78dc801d3de3348edd45a8681c49616b965751f7f852f4b1a5869,,
1015,full_vs_no_reorder,total_algorithm_runtime,full,no_reorder,0.1375806000032753,0.067212500000096,0.07036810000317929,104.69496001945886,loss,082327ff86e78dc801d3de3348edd45a8681c49616b965751f7f852f4b1a5869,,
1015,full_vs_no_reorder,assignment_changes,full,no_reorder,10.0,0.0,10.0,,loss,082327ff86e78dc801d3de3348edd45a8681c49616b965751f7f852f4b1a5869,,
1015,full_vs_no_reorder,successor_edge_changes,full,no_reorder,14.0,0.0,14.0,,loss,082327ff86e78dc801d3de3348edd45a8681c49616b965751f7f852f4b1a5869,,
1016,local_vs_full,weighted_mean_delay,local,full,22.49114555282925,23.150590564369484,-0.6594450115402353,-2.8485018976369925,win,8949ff6dab91c6d68f83a81a44011aca1c33902b4a6ee29250d25aff197c6caf,,
1016,local_vs_full,weighted_delay,local,full,2946.340067420632,3032.7273639324026,-86.38729651177073,-2.8485018976369894,win,8949ff6dab91c6d68f83a81a44011aca1c33902b4a6ee29250d25aff197c6caf,-2.8485018976369894,
1016,local_vs_full,high_priority_mean_delay,local,full,19.401320843305545,19.59861768725921,-0.19729684395366576,-1.0066875485913769,win,8949ff6dab91c6d68f83a81a44011aca1c33902b4a6ee29250d25aff197c6caf,,
1016,local_vs_full,initial_planning_runtime,local,full,0.0721895999995467,0.0703152000005502,0.0018743999989965093,2.6657109685840936,loss,8949ff6dab91c6d68f83a81a44011aca1c33902b4a6ee29250d25aff197c6caf,,
1016,local_vs_full,total_replanning_runtime,local,full,0.1258515000008628,0.2967681999980414,-0.1709166999971786,-57.59265985988614,win,8949ff6dab91c6d68f83a81a44011aca1c33902b4a6ee29250d25aff197c6caf,,0.42407340140113864
1016,local_vs_full,mean_replanning_runtime,local,full,0.0125851500000862,0.0296768199998041,-0.017091669999717903,-57.59265985988635,win,8949ff6dab91c6d68f83a81a44011aca1c33902b4a6ee29250d25aff197c6caf,,
1016,local_vs_full,max_replanning_runtime,local,full,0.0264700000006996,0.0602484999999433,-0.0337784999992437,-56.0652962302389,win,8949ff6dab91c6d68f83a81a44011aca1c33902b4a6ee29250d25aff197c6caf,,
1016,local_vs_full,total_algorithm_runtime,local,full,0.1980411000004096,0.3670833999985916,-0.169042299998182,-46.05010741396385,win,8949ff6dab91c6d68f83a81a44011aca1c33902b4a6ee29250d25aff197c6caf,,
1016,local_vs_full,assignment_changes,local,full,10.0,26.0,-16.0,-61.53846153846154,win,8949ff6dab91c6d68f83a81a44011aca1c33902b4a6ee29250d25aff197c6caf,,
1016,local_vs_full,successor_edge_changes,local,full,18.0,45.0,-27.0,-60.0,win,8949ff6dab91c6d68f83a81a44011aca1c33902b4a6ee29250d25aff197c6caf,,
1016,local_vs_no_reorder,weighted_mean_delay,local,no_reorder,22.49114555282925,23.189049324280045,-0.6979037714507967,-3.0096264908974,win,8949ff6dab91c6d68f83a81a44011aca1c33902b4a6ee29250d25aff197c6caf,,
1016,local_vs_no_reorder,weighted_delay,local,no_reorder,2946.340067420632,3037.765461480686,-91.42539406005426,-3.009626490897396,win,8949ff6dab91c6d68f83a81a44011aca1c33902b4a6ee29250d25aff197c6caf,,
1016,local_vs_no_reorder,high_priority_mean_delay,local,no_reorder,19.401320843305545,19.40770123119508,-0.006380387889535655,-0.03287554674059028,win,8949ff6dab91c6d68f83a81a44011aca1c33902b4a6ee29250d25aff197c6caf,,
1016,local_vs_no_reorder,initial_planning_runtime,local,no_reorder,0.0721895999995467,0.073119200000292,-0.0009296000007452954,-1.2713487028599644,win,8949ff6dab91c6d68f83a81a44011aca1c33902b4a6ee29250d25aff197c6caf,,
1016,local_vs_no_reorder,total_replanning_runtime,local,no_reorder,0.1258515000008628,0.0141447999994852,0.11170670000137758,789.7368644692265,loss,8949ff6dab91c6d68f83a81a44011aca1c33902b4a6ee29250d25aff197c6caf,,
1016,local_vs_no_reorder,mean_replanning_runtime,local,no_reorder,0.0125851500000862,0.0014144799999485,0.0111706700001377,789.7368644692334,loss,8949ff6dab91c6d68f83a81a44011aca1c33902b4a6ee29250d25aff197c6caf,,
1016,local_vs_no_reorder,max_replanning_runtime,local,no_reorder,0.0264700000006996,0.0023145000013755,0.0241554999993241,1043.6595370476803,loss,8949ff6dab91c6d68f83a81a44011aca1c33902b4a6ee29250d25aff197c6caf,,
1016,local_vs_no_reorder,total_algorithm_runtime,local,no_reorder,0.1980411000004096,0.0872639999997773,0.11077710000063229,126.94478822987143,loss,8949ff6dab91c6d68f83a81a44011aca1c33902b4a6ee29250d25aff197c6caf,,
1016,local_vs_no_reorder,assignment_changes,local,no_reorder,10.0,0.0,10.0,,loss,8949ff6dab91c6d68f83a81a44011aca1c33902b4a6ee29250d25aff197c6caf,,
1016,local_vs_no_reorder,successor_edge_changes,local,no_reorder,18.0,0.0,18.0,,loss,8949ff6dab91c6d68f83a81a44011aca1c33902b4a6ee29250d25aff197c6caf,,
1016,full_vs_no_reorder,weighted_mean_delay,full,no_reorder,23.150590564369484,23.189049324280045,-0.03845875991056147,-0.1658487994602405,win,8949ff6dab91c6d68f83a81a44011aca1c33902b4a6ee29250d25aff197c6caf,,
1016,full_vs_no_reorder,weighted_delay,full,no_reorder,3032.7273639324026,3037.765461480686,-5.038097548283531,-0.1658487994602398,win,8949ff6dab91c6d68f83a81a44011aca1c33902b4a6ee29250d25aff197c6caf,,
1016,full_vs_no_reorder,high_priority_mean_delay,full,no_reorder,19.59861768725921,19.40770123119508,0.1909164560641301,0.9837149376416587,loss,8949ff6dab91c6d68f83a81a44011aca1c33902b4a6ee29250d25aff197c6caf,,
1016,full_vs_no_reorder,initial_planning_runtime,full,no_reorder,0.0703152000005502,0.073119200000292,-0.0028039999997418047,-3.8348340787790445,win,8949ff6dab91c6d68f83a81a44011aca1c33902b4a6ee29250d25aff197c6caf,,
1016,full_vs_no_reorder,total_replanning_runtime,full,no_reorder,0.2967681999980414,0.0141447999994852,0.2826233999985562,1998.072790063078,loss,8949ff6dab91c6d68f83a81a44011aca1c33902b4a6ee29250d25aff197c6caf,,
1016,full_vs_no_reorder,mean_replanning_runtime,full,no_reorder,0.0296768199998041,0.0014144799999485,0.028262339999855602,1998.0727900631052,loss,8949ff6dab91c6d68f83a81a44011aca1c33902b4a6ee29250d25aff197c6caf,,
1016,full_vs_no_reorder,max_replanning_runtime,full,no_reorder,0.0602484999999433,0.0023145000013755,0.0579339999985678,2503.0892185844805,loss,8949ff6dab91c6d68f83a81a44011aca1c33902b4a6ee29250d25aff197c6caf,,
1016,full_vs_no_reorder,total_algorithm_runtime,full,no_reorder,0.3670833999985916,0.0872639999997773,0.2798193999988143,320.65846167896086,loss,8949ff6dab91c6d68f83a81a44011aca1c33902b4a6ee29250d25aff197c6caf,,
1016,full_vs_no_reorder,assignment_changes,full,no_reorder,26.0,0.0,26.0,,loss,8949ff6dab91c6d68f83a81a44011aca1c33902b4a6ee29250d25aff197c6caf,,
1016,full_vs_no_reorder,successor_edge_changes,full,no_reorder,45.0,0.0,45.0,,loss,8949ff6dab91c6d68f83a81a44011aca1c33902b4a6ee29250d25aff197c6caf,,
1017,local_vs_full,weighted_mean_delay,local,full,24.171284396470007,23.37009520957886,0.8011891868911469,3.428266678874111,loss,72341d894d303a21a7b7385423f3ed5c4250929c5dc473e72e4685146eeb4826,,
1017,local_vs_full,weighted_delay,local,full,2828.040274386991,2734.301139520727,93.73913486626407,3.428266678874106,loss,72341d894d303a21a7b7385423f3ed5c4250929c5dc473e72e4685146eeb4826,3.428266678874106,
1017,local_vs_full,high_priority_mean_delay,local,full,15.888105184939072,14.842530437128952,1.0455747478101198,7.044450757497449,loss,72341d894d303a21a7b7385423f3ed5c4250929c5dc473e72e4685146eeb4826,,
1017,local_vs_full,initial_planning_runtime,local,full,0.1267315999994025,0.1283005000004777,-0.0015689000010752074,-1.2228323358594595,win,72341d894d303a21a7b7385423f3ed5c4250929c5dc473e72e4685146eeb4826,,
1017,local_vs_full,total_replanning_runtime,local,full,0.1427220000005036,0.4456993000021612,-0.30297730000165757,-67.97796182318179,win,72341d894d303a21a7b7385423f3ed5c4250929c5dc473e72e4685146eeb4826,,0.3202203817681822
1017,local_vs_full,mean_replanning_runtime,local,full,0.0142722000000503,0.0445699300002161,-0.0302977300001658,-67.97796182318191,win,72341d894d303a21a7b7385423f3ed5c4250929c5dc473e72e4685146eeb4826,,
1017,local_vs_full,max_replanning_runtime,local,full,0.0340258999985962,0.0942555999990872,-0.060229700000491,-63.90039424827202,win,72341d894d303a21a7b7385423f3ed5c4250929c5dc473e72e4685146eeb4826,,
1017,local_vs_full,total_algorithm_runtime,local,full,0.2694535999999061,0.573999800002639,-0.30454620000273286,-53.056847755231395,win,72341d894d303a21a7b7385423f3ed5c4250929c5dc473e72e4685146eeb4826,,
1017,local_vs_full,assignment_changes,local,full,12.0,38.0,-26.0,-68.42105263157895,win,72341d894d303a21a7b7385423f3ed5c4250929c5dc473e72e4685146eeb4826,,
1017,local_vs_full,successor_edge_changes,local,full,28.0,62.0,-34.0,-54.83870967741935,win,72341d894d303a21a7b7385423f3ed5c4250929c5dc473e72e4685146eeb4826,,
1017,local_vs_no_reorder,weighted_mean_delay,local,no_reorder,24.171284396470007,24.793278102823542,-0.6219937063535355,-2.508719112389986,win,72341d894d303a21a7b7385423f3ed5c4250929c5dc473e72e4685146eeb4826,,
1017,local_vs_no_reorder,weighted_delay,local,no_reorder,2828.040274386991,2900.8135380303543,-72.7732636433634,-2.5087191123899775,win,72341d894d303a21a7b7385423f3ed5c4250929c5dc473e72e4685146eeb4826,,
1017,local_vs_no_reorder,high_priority_mean_delay,local,no_reorder,15.888105184939072,16.130808423368983,-0.24270323842991104,-1.5045943889476898,win,72341d894d303a21a7b7385423f3ed5c4250929c5dc473e72e4685146eeb4826,,
1017,local_vs_no_reorder,initial_planning_runtime,local,no_reorder,0.1267315999994025,0.1213239999997313,0.005407599999671206,4.457156044709358,loss,72341d894d303a21a7b7385423f3ed5c4250929c5dc473e72e4685146eeb4826,,
1017,local_vs_no_reorder,total_replanning_runtime,local,no_reorder,0.1427220000005036,0.0135652999979356,0.12915670000256801,952.1109007705203,loss,72341d894d303a21a7b7385423f3ed5c4250929c5dc473e72e4685146eeb4826,,
1017,local_vs_no_reorder,mean_replanning_runtime,local,no_reorder,0.0142722000000503,0.0013565299997935,0.0129156700002568,952.1109007705624,loss,72341d894d303a21a7b7385423f3ed5c4250929c5dc473e72e4685146eeb4826,,
1017,local_vs_no_reorder,max_replanning_runtime,local,no_reorder,0.0340258999985962,0.0020420999990165,0.0319837999995797,1566.2210476951902,loss,72341d894d303a21a7b7385423f3ed5c4250929c5dc473e72e4685146eeb4826,,
1017,local_vs_no_reorder,total_algorithm_runtime,local,no_reorder,0.2694535999999061,0.1348892999976669,0.13456430000223918,99.75906169323041,loss,72341d894d303a21a7b7385423f3ed5c4250929c5dc473e72e4685146eeb4826,,
1017,local_vs_no_reorder,assignment_changes,local,no_reorder,12.0,0.0,12.0,,loss,72341d894d303a21a7b7385423f3ed5c4250929c5dc473e72e4685146eeb4826,,
1017,local_vs_no_reorder,successor_edge_changes,local,no_reorder,28.0,0.0,28.0,,loss,72341d894d303a21a7b7385423f3ed5c4250929c5dc473e72e4685146eeb4826,,
1017,full_vs_no_reorder,weighted_mean_delay,full,no_reorder,23.37009520957886,24.793278102823542,-1.4231828932446824,-5.740196545783132,win,72341d894d303a21a7b7385423f3ed5c4250929c5dc473e72e4685146eeb4826,,
1017,full_vs_no_reorder,weighted_delay,full,no_reorder,2734.301139520727,2900.8135380303543,-166.51239850962747,-5.740196545783119,win,72341d894d303a21a7b7385423f3ed5c4250929c5dc473e72e4685146eeb4826,,
1017,full_vs_no_reorder,high_priority_mean_delay,full,no_reorder,14.842530437128952,16.130808423368983,-1.2882779862400309,-7.986444029511132,win,72341d894d303a21a7b7385423f3ed5c4250929c5dc473e72e4685146eeb4826,,
1017,full_vs_no_reorder,initial_planning_runtime,full,no_reorder,0.1283005000004777,0.1213239999997313,0.006976500000746413,5.75030496914202,loss,72341d894d303a21a7b7385423f3ed5c4250929c5dc473e72e4685146eeb4826,,
1017,full_vs_no_reorder,total_replanning_runtime,full,no_reorder,0.4456993000021612,0.0135652999979356,0.4321340000042256,3185.5838062555845,loss,72341d894d303a21a7b7385423f3ed5c4250929c5dc473e72e4685146eeb4826,,
1017,full_vs_no_reorder,mean_replanning_runtime,full,no_reorder,0.0445699300002161,0.0013565299997935,0.0432134000004226,3185.583806255728,loss,72341d894d303a21a7b7385423f3ed5c4250929c5dc473e72e4685146eeb4826,,
1017,full_vs_no_reorder,max_replanning_runtime,full,no_reorder,0.0942555999990872,0.0020420999990165,0.0922135000000707,4515.621176459616,loss,72341d894d303a21a7b7385423f3ed5c4250929c5dc473e72e4685146eeb4826,,
1017,full_vs_no_reorder,total_algorithm_runtime,full,no_reorder,0.573999800002639,0.1348892999976669,0.43911050000497204,325.5339749057687,loss,72341d894d303a21a7b7385423f3ed5c4250929c5dc473e72e4685146eeb4826,,
1017,full_vs_no_reorder,assignment_changes,full,no_reorder,38.0,0.0,38.0,,loss,72341d894d303a21a7b7385423f3ed5c4250929c5dc473e72e4685146eeb4826,,
1017,full_vs_no_reorder,successor_edge_changes,full,no_reorder,62.0,0.0,62.0,,loss,72341d894d303a21a7b7385423f3ed5c4250929c5dc473e72e4685146eeb4826,,
1018,local_vs_full,weighted_mean_delay,local,full,17.258772275525303,17.051177730561083,0.2075945449642198,1.2174792160669639,loss,b1446478e076bfc668b0fcf01ad993642d88d77d4c5d19fa6b07fcb513e6b2b7,,
1018,local_vs_full,weighted_delay,local,full,1708.6184552770048,1688.066595325547,20.5518599514578,1.2174792160669663,loss,b1446478e076bfc668b0fcf01ad993642d88d77d4c5d19fa6b07fcb513e6b2b7,1.2174792160669663,
1018,local_vs_full,high_priority_mean_delay,local,full,18.337884390154997,18.158280241997545,0.17960414815745196,0.9891032948266371,loss,b1446478e076bfc668b0fcf01ad993642d88d77d4c5d19fa6b07fcb513e6b2b7,,
1018,local_vs_full,initial_planning_runtime,local,full,0.0993275999990146,0.0913101999994978,0.008017399999516797,8.78039912250865,loss,b1446478e076bfc668b0fcf01ad993642d88d77d4c5d19fa6b07fcb513e6b2b7,,
1018,local_vs_full,total_replanning_runtime,local,full,0.012388799999826,0.0292652999996789,-0.016876499999852898,-57.66727147863876,win,b1446478e076bfc668b0fcf01ad993642d88d77d4c5d19fa6b07fcb513e6b2b7,,0.4233272852136124
1018,local_vs_full,mean_replanning_runtime,local,full,0.0012388799999826,0.0029265299999678,-0.0016876499999852002,-57.66727147863746,win,b1446478e076bfc668b0fcf01ad993642d88d77d4c5d19fa6b07fcb513e6b2b7,,
1018,local_vs_full,max_replanning_runtime,local,full,0.0043234999993728,0.0130829000008816,-0.0087594000015088,-66.9530455856006,win,b1446478e076bfc668b0fcf01ad993642d88d77d4c5d19fa6b07fcb513e6b2b7,,
1018,local_vs_full,total_algorithm_runtime,local,full,0.1117163999988406,0.1205754999991768,-0.008859100000336198,-7.347346683527483,win,b1446478e076bfc668b0fcf01ad993642d88d77d4c5d19fa6b07fcb513e6b2b7,,
1018,local_vs_full,assignment_changes,local,full,3.0,4.0,-1.0,-25.0,win,b1446478e076bfc668b0fcf01ad993642d88d77d4c5d19fa6b07fcb513e6b2b7,,
1018,local_vs_full,successor_edge_changes,local,full,0.0,1.0,-1.0,-100.0,win,b1446478e076bfc668b0fcf01ad993642d88d77d4c5d19fa6b07fcb513e6b2b7,,
1018,local_vs_no_reorder,weighted_mean_delay,local,no_reorder,17.258772275525303,17.75410536465144,-0.49533308912613805,-2.7899636672898764,win,b1446478e076bfc668b0fcf01ad993642d88d77d4c5d19fa6b07fcb513e6b2b7,,
1018,local_vs_no_reorder,weighted_delay,local,no_reorder,1708.6184552770048,1757.656431100493,-49.03797582348807,-2.7899636672898986,win,b1446478e076bfc668b0fcf01ad993642d88d77d4c5d19fa6b07fcb513e6b2b7,,
1018,local_vs_no_reorder,high_priority_mean_delay,local,no_reorder,18.337884390154997,18.337884390154997,0.0,0.0,tie,b1446478e076bfc668b0fcf01ad993642d88d77d4c5d19fa6b07fcb513e6b2b7,,
1018,local_vs_no_reorder,initial_planning_runtime,local,no_reorder,0.0993275999990146,0.0803563999998004,0.01897119999921419,23.608822693974986,loss,b1446478e076bfc668b0fcf01ad993642d88d77d4c5d19fa6b07fcb513e6b2b7,,
1018,local_vs_no_reorder,total_replanning_runtime,local,no_reorder,0.012388799999826,0.0037603000018862,0.008628499997939802,229.46307458478498,loss,b1446478e076bfc668b0fcf01ad993642d88d77d4c5d19fa6b07fcb513e6b2b7,,
1018,local_vs_no_reorder,mean_replanning_runtime,local,no_reorder,0.0012388799999826,0.0003760300001886,0.0008628499997939999,229.4630745848024,loss,b1446478e076bfc668b0fcf01ad993642d88d77d4c5d19fa6b07fcb513e6b2b7,,
1018,local_vs_no_reorder,max_replanning_runtime,local,no_reorder,0.0043234999993728,0.0009067999999388,0.0034166999994340004,376.78650194801435,loss,b1446478e076bfc668b0fcf01ad993642d88d77d4c5d19fa6b07fcb513e6b2b7,,
1018,local_vs_no_reorder,total_algorithm_runtime,local,no_reorder,0.1117163999988406,0.0841167000016867,0.027599699997153906,32.81120157661972,loss,b1446478e076bfc668b0fcf01ad993642d88d77d4c5d19fa6b07fcb513e6b2b7,,
1018,local_vs_no_reorder,assignment_changes,local,no_reorder,3.0,0.0,3.0,,loss,b1446478e076bfc668b0fcf01ad993642d88d77d4c5d19fa6b07fcb513e6b2b7,,
1018,local_vs_no_reorder,successor_edge_changes,local,no_reorder,0.0,0.0,0.0,,tie,b1446478e076bfc668b0fcf01ad993642d88d77d4c5d19fa6b07fcb513e6b2b7,,
1018,full_vs_no_reorder,weighted_mean_delay,full,no_reorder,17.051177730561083,17.75410536465144,-0.7029276340903579,-3.959239959732875,win,b1446478e076bfc668b0fcf01ad993642d88d77d4c5d19fa6b07fcb513e6b2b7,,
1018,full_vs_no_reorder,weighted_delay,full,no_reorder,1688.066595325547,1757.656431100493,-69.58983577494587,-3.959239959732899,win,b1446478e076bfc668b0fcf01ad993642d88d77d4c5d19fa6b07fcb513e6b2b7,,
1018,full_vs_no_reorder,high_priority_mean_delay,full,no_reorder,18.158280241997545,18.337884390154997,-0.17960414815745196,-0.9794158602825278,win,b1446478e076bfc668b0fcf01ad993642d88d77d4c5d19fa6b07fcb513e6b2b7,,
1018,full_vs_no_reorder,initial_planning_runtime,full,no_reorder,0.0913101999994978,0.0803563999998004,0.010953799999697394,13.631521571056696,loss,b1446478e076bfc668b0fcf01ad993642d88d77d4c5d19fa6b07fcb513e6b2b7,,
1018,full_vs_no_reorder,total_replanning_runtime,full,no_reorder,0.0292652999996789,0.0037603000018862,0.0255049999977927,678.2703503709588,loss,b1446478e076bfc668b0fcf01ad993642d88d77d4c5d19fa6b07fcb513e6b2b7,,
1018,full_vs_no_reorder,mean_replanning_runtime,full,no_reorder,0.0029265299999678,0.0003760300001886,0.0025504999997792003,678.2703503709763,loss,b1446478e076bfc668b0fcf01ad993642d88d77d4c5d19fa6b07fcb513e6b2b7,,
1018,full_vs_no_reorder,max_replanning_runtime,full,no_reorder,0.0130829000008816,0.0009067999999388,0.0121761000009428,1342.754742144306,loss,b1446478e076bfc668b0fcf01ad993642d88d77d4c5d19fa6b07fcb513e6b2b7,,
1018,full_vs_no_reorder,total_algorithm_runtime,full,no_reorder,0.1205754999991768,0.0841167000016867,0.036458799997490104,43.34311735572013,loss,b1446478e076bfc668b0fcf01ad993642d88d77d4c5d19fa6b07fcb513e6b2b7,,
1018,full_vs_no_reorder,assignment_changes,full,no_reorder,4.0,0.0,4.0,,loss,b1446478e076bfc668b0fcf01ad993642d88d77d4c5d19fa6b07fcb513e6b2b7,,
1018,full_vs_no_reorder,successor_edge_changes,full,no_reorder,1.0,0.0,1.0,,loss,b1446478e076bfc668b0fcf01ad993642d88d77d4c5d19fa6b07fcb513e6b2b7,,
1019,local_vs_full,weighted_mean_delay,local,full,21.719592154910647,21.574663961672147,0.14492819323849915,0.6717517987578726,loss,41599d3a2ad85dcbf0373acf94c1d1426055091064071f7b16b65e88a6653bb4,,
1019,local_vs_full,weighted_delay,local,full,2410.8747291950817,2394.7876997456083,16.087029449473448,0.6717517987578744,loss,41599d3a2ad85dcbf0373acf94c1d1426055091064071f7b16b65e88a6653bb4,0.6717517987578744,
1019,local_vs_full,high_priority_mean_delay,local,full,17.92556628529919,17.801764780392332,0.12380150490685793,0.6954451226274965,loss,41599d3a2ad85dcbf0373acf94c1d1426055091064071f7b16b65e88a6653bb4,,
1019,local_vs_full,initial_planning_runtime,local,full,0.0531556000005366,0.0497176999997464,0.003437900000790202,6.9148411950024595,loss,41599d3a2ad85dcbf0373acf94c1d1426055091064071f7b16b65e88a6653bb4,,
1019,local_vs_full,total_replanning_runtime,local,full,0.1113330000007408,0.319985899999665,-0.20865289999892417,-65.20690442895847,win,41599d3a2ad85dcbf0373acf94c1d1426055091064071f7b16b65e88a6653bb4,,0.34793095571041527
1019,local_vs_full,mean_replanning_runtime,local,full,0.011133300000074,0.0319985899999665,-0.020865289999892497,-65.20690442895872,win,41599d3a2ad85dcbf0373acf94c1d1426055091064071f7b16b65e88a6653bb4,,
1019,local_vs_full,max_replanning_runtime,local,full,0.0223088000002462,0.061763300000166,-0.039454499999919804,-63.880168319720234,win,41599d3a2ad85dcbf0373acf94c1d1426055091064071f7b16b65e88a6653bb4,,
1019,local_vs_full,total_algorithm_runtime,local,full,0.1644886000012775,0.3697035999994114,-0.2052149999981339,-55.50797990564891,win,41599d3a2ad85dcbf0373acf94c1d1426055091064071f7b16b65e88a6653bb4,,
1019,local_vs_full,assignment_changes,local,full,10.0,13.0,-3.0,-23.076923076923077,win,41599d3a2ad85dcbf0373acf94c1d1426055091064071f7b16b65e88a6653bb4,,
1019,local_vs_full,successor_edge_changes,local,full,22.0,20.0,2.0,10.0,loss,41599d3a2ad85dcbf0373acf94c1d1426055091064071f7b16b65e88a6653bb4,,
1019,local_vs_no_reorder,weighted_mean_delay,local,no_reorder,21.719592154910647,22.088571619019877,-0.36897946410923055,-1.6704541627830396,win,41599d3a2ad85dcbf0373acf94c1d1426055091064071f7b16b65e88a6653bb4,,
1019,local_vs_no_reorder,weighted_delay,local,no_reorder,2410.8747291950817,2451.831449711206,-40.95672051612428,-1.670454162783027,win,41599d3a2ad85dcbf0373acf94c1d1426055091064071f7b16b65e88a6653bb4,,
1019,local_vs_no_reorder,high_priority_mean_delay,local,no_reorder,17.92556628529919,18.35616030769217,-0.43059402239298095,-2.3457739264378725,win,41599d3a2ad85dcbf0373acf94c1d1426055091064071f7b16b65e88a6653bb4,,
1019,local_vs_no_reorder,initial_planning_runtime,local,no_reorder,0.0531556000005366,0.053863299999648,-0.0007076999991113969,-1.3138816209107533,win,41599d3a2ad85dcbf0373acf94c1d1426055091064071f7b16b65e88a6653bb4,,
1019,local_vs_no_reorder,total_replanning_runtime,local,no_reorder,0.1113330000007408,0.0118808999977773,0.09945210000296349,837.0754742617913,loss,41599d3a2ad85dcbf0373acf94c1d1426055091064071f7b16b65e88a6653bb4,,
1019,local_vs_no_reorder,mean_replanning_runtime,local,no_reorder,0.011133300000074,0.0011880899997777,0.0099452100002963,837.0754742618084,loss,41599d3a2ad85dcbf0373acf94c1d1426055091064071f7b16b65e88a6653bb4,,
1019,local_vs_no_reorder,max_replanning_runtime,local,no_reorder,0.0223088000002462,0.0021178000006329,0.0201909999996133,953.3950322778006,loss,41599d3a2ad85dcbf0373acf94c1d1426055091064071f7b16b65e88a6653bb4,,
1019,local_vs_no_reorder,total_algorithm_runtime,local,no_reorder,0.1644886000012775,0.0657441999974253,0.09874440000385219,150.1948460970234,loss,41599d3a2ad85dcbf0373acf94c1d1426055091064071f7b16b65e88a6653bb4,,
1019,local_vs_no_reorder,assignment_changes,local,no_reorder,10.0,0.0,10.0,,loss,41599d3a2ad85dcbf0373acf94c1d1426055091064071f7b16b65e88a6653bb4,,
1019,local_vs_no_reorder,successor_edge_changes,local,no_reorder,22.0,0.0,22.0,,loss,41599d3a2ad85dcbf0373acf94c1d1426055091064071f7b16b65e88a6653bb4,,
1019,full_vs_no_reorder,weighted_mean_delay,full,no_reorder,21.574663961672147,22.088571619019877,-0.5139076573477297,-2.326577137768463,win,41599d3a2ad85dcbf0373acf94c1d1426055091064071f7b16b65e88a6653bb4,,
1019,full_vs_no_reorder,weighted_delay,full,no_reorder,2394.7876997456083,2451.831449711206,-57.043749965597726,-2.3265771377684525,win,41599d3a2ad85dcbf0373acf94c1d1426055091064071f7b16b65e88a6653bb4,,
1019,full_vs_no_reorder,high_priority_mean_delay,full,no_reorder,17.801764780392332,18.35616030769217,-0.5543955272998389,-3.020215110387322,win,41599d3a2ad85dcbf0373acf94c1d1426055091064071f7b16b65e88a6653bb4,,
1019,full_vs_no_reorder,initial_planning_runtime,full,no_reorder,0.0497176999997464,0.053863299999648,-0.004145599999901599,-7.696520636367787,win,41599d3a2ad85dcbf0373acf94c1d1426055091064071f7b16b65e88a6653bb4,,
1019,full_vs_no_reorder,total_replanning_runtime,full,no_reorder,0.319985899999665,0.0118808999977773,0.3081050000018877,2593.2799708736584,loss,41599d3a2ad85dcbf0373acf94c1d1426055091064071f7b16b65e88a6653bb4,,
1019,full_vs_no_reorder,mean_replanning_runtime,full,no_reorder,0.0319985899999665,0.0011880899997777,0.030810500000188798,2593.279970873727,loss,41599d3a2ad85dcbf0373acf94c1d1426055091064071f7b16b65e88a6653bb4,,
1019,full_vs_no_reorder,max_replanning_runtime,full,no_reorder,0.061763300000166,0.0021178000006329,0.0596454999995331,2816.3896487726965,loss,41599d3a2ad85dcbf0373acf94c1d1426055091064071f7b16b65e88a6653bb4,,
1019,full_vs_no_reorder,total_algorithm_runtime,full,no_reorder,0.3697035999994114,0.0657441999974253,0.30395940000198607,462.33644947218136,loss,41599d3a2ad85dcbf0373acf94c1d1426055091064071f7b16b65e88a6653bb4,,
1019,full_vs_no_reorder,assignment_changes,full,no_reorder,13.0,0.0,13.0,,loss,41599d3a2ad85dcbf0373acf94c1d1426055091064071f7b16b65e88a6653bb4,,
1019,full_vs_no_reorder,successor_edge_changes,full,no_reorder,20.0,0.0,20.0,,loss,41599d3a2ad85dcbf0373acf94c1d1426055091064071f7b16b65e88a6653bb4,,
1020,local_vs_full,weighted_mean_delay,local,full,16.838435990420365,17.179704246737764,-0.34126825631739877,-1.9864617656744694,win,c1b2e7bffc88ced63df8b78c0569a1865011ba09f9723afd0b11e1c6cdcd1d43,,
1020,local_vs_full,weighted_delay,local,full,1986.935446869603,2027.205101115056,-40.26965424545301,-1.9864617656744674,win,c1b2e7bffc88ced63df8b78c0569a1865011ba09f9723afd0b11e1c6cdcd1d43,-1.9864617656744674,
1020,local_vs_full,high_priority_mean_delay,local,full,13.35646214609802,13.276799008633729,0.07966313746429066,0.6000176504328096,loss,c1b2e7bffc88ced63df8b78c0569a1865011ba09f9723afd0b11e1c6cdcd1d43,,
1020,local_vs_full,initial_planning_runtime,local,full,0.1321545999999216,0.1276992000002792,0.004455399999642395,3.4889803535438393,loss,c1b2e7bffc88ced63df8b78c0569a1865011ba09f9723afd0b11e1c6cdcd1d43,,
1020,local_vs_full,total_replanning_runtime,local,full,0.0349892000012914,0.0753437999992456,-0.0403545999979542,-53.56061148808298,win,c1b2e7bffc88ced63df8b78c0569a1865011ba09f9723afd0b11e1c6cdcd1d43,,0.46439388511917024
1020,local_vs_full,mean_replanning_runtime,local,full,0.0034989200001291,0.0075343799999245,-0.0040354599997954,-53.56061148808314,win,c1b2e7bffc88ced63df8b78c0569a1865011ba09f9723afd0b11e1c6cdcd1d43,,
1020,local_vs_full,max_replanning_runtime,local,full,0.0091807999997399,0.0190986999987217,-0.0099178999989818,-51.92971249166497,win,c1b2e7bffc88ced63df8b78c0569a1865011ba09f9723afd0b11e1c6cdcd1d43,,
1020,local_vs_full,total_algorithm_runtime,local,full,0.1671438000012131,0.2030429999995249,-0.035899199998311815,-17.680589825010372,win,c1b2e7bffc88ced63df8b78c0569a1865011ba09f9723afd0b11e1c6cdcd1d43,,
1020,local_vs_full,assignment_changes,local,full,11.0,20.0,-9.0,-45.0,win,c1b2e7bffc88ced63df8b78c0569a1865011ba09f9723afd0b11e1c6cdcd1d43,,
1020,local_vs_full,successor_edge_changes,local,full,8.0,13.0,-5.0,-38.46153846153847,win,c1b2e7bffc88ced63df8b78c0569a1865011ba09f9723afd0b11e1c6cdcd1d43,,
1020,local_vs_no_reorder,weighted_mean_delay,local,no_reorder,16.838435990420365,16.62163402433725,0.2168019660831142,1.3043360584505388,loss,c1b2e7bffc88ced63df8b78c0569a1865011ba09f9723afd0b11e1c6cdcd1d43,,
1020,local_vs_no_reorder,weighted_delay,local,no_reorder,1986.935446869603,1961.352814871796,25.582631997807084,1.3043360584505188,loss,c1b2e7bffc88ced63df8b78c0569a1865011ba09f9723afd0b11e1c6cdcd1d43,,
1020,local_vs_no_reorder,high_priority_mean_delay,local,no_reorder,13.35646214609802,12.975111255576875,0.38135089052114424,2.9390953419165062,loss,c1b2e7bffc88ced63df8b78c0569a1865011ba09f9723afd0b11e1c6cdcd1d43,,
1020,local_vs_no_reorder,initial_planning_runtime,local,no_reorder,0.1321545999999216,0.1302636999989772,0.0018909000009444121,1.451593959759518,loss,c1b2e7bffc88ced63df8b78c0569a1865011ba09f9723afd0b11e1c6cdcd1d43,,
1020,local_vs_no_reorder,total_replanning_runtime,local,no_reorder,0.0349892000012914,0.0062489999982062,0.028740200003085203,459.9167868672618,loss,c1b2e7bffc88ced63df8b78c0569a1865011ba09f9723afd0b11e1c6cdcd1d43,,
1020,local_vs_no_reorder,mean_replanning_runtime,local,no_reorder,0.0034989200001291,0.0006248999998206,0.0028740200003085,459.91678686727334,loss,c1b2e7bffc88ced63df8b78c0569a1865011ba09f9723afd0b11e1c6cdcd1d43,,
1020,local_vs_no_reorder,max_replanning_runtime,local,no_reorder,0.0091807999997399,0.0011422000006859,0.008038599999054,703.7821742450321,loss,c1b2e7bffc88ced63df8b78c0569a1865011ba09f9723afd0b11e1c6cdcd1d43,,
1020,local_vs_no_reorder,total_algorithm_runtime,local,no_reorder,0.1671438000012131,0.1365126999971835,0.030631100004029604,22.438278639761414,loss,c1b2e7bffc88ced63df8b78c0569a1865011ba09f9723afd0b11e1c6cdcd1d43,,
1020,local_vs_no_reorder,assignment_changes,local,no_reorder,11.0,0.0,11.0,,loss,c1b2e7bffc88ced63df8b78c0569a1865011ba09f9723afd0b11e1c6cdcd1d43,,
1020,local_vs_no_reorder,successor_edge_changes,local,no_reorder,8.0,0.0,8.0,,loss,c1b2e7bffc88ced63df8b78c0569a1865011ba09f9723afd0b11e1c6cdcd1d43,,
1020,full_vs_no_reorder,weighted_mean_delay,full,no_reorder,17.179704246737764,16.62163402433725,0.558070222400513,3.357493141669414,loss,c1b2e7bffc88ced63df8b78c0569a1865011ba09f9723afd0b11e1c6cdcd1d43,,
1020,full_vs_no_reorder,weighted_delay,full,no_reorder,2027.205101115056,1961.352814871796,65.8522862432601,3.357493141669391,loss,c1b2e7bffc88ced63df8b78c0569a1865011ba09f9723afd0b11e1c6cdcd1d43,,
1020,full_vs_no_reorder,high_priority_mean_delay,full,no_reorder,13.276799008633729,12.975111255576875,0.3016877530568536,2.32512652195706,loss,c1b2e7bffc88ced63df8b78c0569a1865011ba09f9723afd0b11e1c6cdcd1d43,,
1020,full_vs_no_reorder,initial_planning_runtime,full,no_reorder,0.1276992000002792,0.1302636999989772,-0.0025644999986979833,-1.9686988767539377,win,c1b2e7bffc88ced63df8b78c0569a1865011ba09f9723afd0b11e1c6cdcd1d43,,
1020,full_vs_no_reorder,total_replanning_runtime,full,no_reorder,0.0753437999992456,0.0062489999982062,0.0690948000010394,1105.6937113277859,loss,c1b2e7bffc88ced63df8b78c0569a1865011ba09f9723afd0b11e1c6cdcd1d43,,
1020,full_vs_no_reorder,mean_replanning_runtime,full,no_reorder,0.0075343799999245,0.0006248999998206,0.0069094800001039,1105.693711327815,loss,c1b2e7bffc88ced63df8b78c0569a1865011ba09f9723afd0b11e1c6cdcd1d43,,
1020,full_vs_no_reorder,max_replanning_runtime,full,no_reorder,0.0190986999987217,0.0011422000006859,0.0179564999980358,1572.0977050650308,loss,c1b2e7bffc88ced63df8b78c0569a1865011ba09f9723afd0b11e1c6cdcd1d43,,
1020,full_vs_no_reorder,total_algorithm_runtime,full,no_reorder,0.2030429999995249,0.1365126999971835,0.06653030000234142,48.73561214723176,loss,c1b2e7bffc88ced63df8b78c0569a1865011ba09f9723afd0b11e1c6cdcd1d43,,
1020,full_vs_no_reorder,assignment_changes,full,no_reorder,20.0,0.0,20.0,,loss,c1b2e7bffc88ced63df8b78c0569a1865011ba09f9723afd0b11e1c6cdcd1d43,,
1020,full_vs_no_reorder,successor_edge_changes,full,no_reorder,13.0,0.0,13.0,,loss,c1b2e7bffc88ced63df8b78c0569a1865011ba09f9723afd0b11e1c6cdcd1d43,,
1021,local_vs_full,weighted_mean_delay,local,full,18.056001572812967,18.299881142425736,-0.24387956961276913,-1.3326838995001349,win,b6c9e6d96fcc728cdc53084c1ce42e65f086da7a8fe5437ac9d2bf41effc84ae,,
1021,local_vs_full,weighted_delay,local,full,2545.8962217666285,2580.283241082029,-34.387019315400266,-1.3326838995001278,win,b6c9e6d96fcc728cdc53084c1ce42e65f086da7a8fe5437ac9d2bf41effc84ae,-1.3326838995001278,
1021,local_vs_full,high_priority_mean_delay,local,full,18.15913344648985,18.0922519425453,0.0668815039445505,0.36966931566586014,loss,b6c9e6d96fcc728cdc53084c1ce42e65f086da7a8fe5437ac9d2bf41effc84ae,,
1021,local_vs_full,initial_planning_runtime,local,full,0.0955297000000428,0.0952108000001317,0.00031889999991109585,0.3349409939950665,loss,b6c9e6d96fcc728cdc53084c1ce42e65f086da7a8fe5437ac9d2bf41effc84ae,,
1021,local_vs_full,total_replanning_runtime,local,full,0.019744700002775,0.0397250000005442,-0.0199802999977692,-50.296538697282536,win,b6c9e6d96fcc728cdc53084c1ce42e65f086da7a8fe5437ac9d2bf41effc84ae,,0.49703461302717467
1021,local_vs_full,mean_replanning_runtime,local,full,0.0019744700002775,0.0039725000000544,-0.0019980299997769003,-50.29653869728229,win,b6c9e6d96fcc728cdc53084c1ce42e65f086da7a8fe5437ac9d2bf41effc84ae,,
1021,local_vs_full,max_replanning_runtime,local,full,0.0065119999999296,0.014328100000057,-0.0078161000001274,-54.5508476357389,win,b6c9e6d96fcc728cdc53084c1ce42e65f086da7a8fe5437ac9d2bf41effc84ae,,
1021,local_vs_full,total_algorithm_runtime,local,full,0.1152744000028178,0.1349358000006759,-0.019661399997858098,-14.570929284711406,win,b6c9e6d96fcc728cdc53084c1ce42e65f086da7a8fe5437ac9d2bf41effc84ae,,
1021,local_vs_full,assignment_changes,local,full,4.0,6.0,-2.0,-33.33333333333333,win,b6c9e6d96fcc728cdc53084c1ce42e65f086da7a8fe5437ac9d2bf41effc84ae,,
1021,local_vs_full,successor_edge_changes,local,full,2.0,5.0,-3.0,-60.0,win,b6c9e6d96fcc728cdc53084c1ce42e65f086da7a8fe5437ac9d2bf41effc84ae,,
1021,local_vs_no_reorder,weighted_mean_delay,local,no_reorder,18.056001572812967,18.056001572812967,0.0,0.0,tie,b6c9e6d96fcc728cdc53084c1ce42e65f086da7a8fe5437ac9d2bf41effc84ae,,
1021,local_vs_no_reorder,weighted_delay,local,no_reorder,2545.8962217666285,2545.8962217666285,0.0,0.0,tie,b6c9e6d96fcc728cdc53084c1ce42e65f086da7a8fe5437ac9d2bf41effc84ae,,
1021,local_vs_no_reorder,high_priority_mean_delay,local,no_reorder,18.15913344648985,18.15913344648985,0.0,0.0,tie,b6c9e6d96fcc728cdc53084c1ce42e65f086da7a8fe5437ac9d2bf41effc84ae,,
1021,local_vs_no_reorder,initial_planning_runtime,local,no_reorder,0.0955297000000428,0.0898749000007228,0.00565479999931999,6.291856791244843,loss,b6c9e6d96fcc728cdc53084c1ce42e65f086da7a8fe5437ac9d2bf41effc84ae,,
1021,local_vs_no_reorder,total_replanning_runtime,local,no_reorder,0.019744700002775,0.0045582999991893,0.0151864000035857,333.15929197917256,loss,b6c9e6d96fcc728cdc53084c1ce42e65f086da7a8fe5437ac9d2bf41effc84ae,,
1021,local_vs_no_reorder,mean_replanning_runtime,local,no_reorder,0.0019744700002775,0.0004558299999189,0.0015186400003586002,333.1592919792011,loss,b6c9e6d96fcc728cdc53084c1ce42e65f086da7a8fe5437ac9d2bf41effc84ae,,
1021,local_vs_no_reorder,max_replanning_runtime,local,no_reorder,0.0065119999999296,0.0008073999997577,0.0057046000001719005,706.5395097701072,loss,b6c9e6d96fcc728cdc53084c1ce42e65f086da7a8fe5437ac9d2bf41effc84ae,,
1021,local_vs_no_reorder,total_algorithm_runtime,local,no_reorder,0.1152744000028178,0.0944331999999121,0.020841200002905694,22.069780546381033,loss,b6c9e6d96fcc728cdc53084c1ce42e65f086da7a8fe5437ac9d2bf41effc84ae,,
1021,local_vs_no_reorder,assignment_changes,local,no_reorder,4.0,0.0,4.0,,loss,b6c9e6d96fcc728cdc53084c1ce42e65f086da7a8fe5437ac9d2bf41effc84ae,,
1021,local_vs_no_reorder,successor_edge_changes,local,no_reorder,2.0,0.0,2.0,,loss,b6c9e6d96fcc728cdc53084c1ce42e65f086da7a8fe5437ac9d2bf41effc84ae,,
1021,full_vs_no_reorder,weighted_mean_delay,full,no_reorder,18.299881142425736,18.056001572812967,0.24387956961276913,1.3506842510469212,loss,b6c9e6d96fcc728cdc53084c1ce42e65f086da7a8fe5437ac9d2bf41effc84ae,,
1021,full_vs_no_reorder,weighted_delay,full,no_reorder,2580.283241082029,2545.8962217666285,34.387019315400266,1.350684251046914,loss,b6c9e6d96fcc728cdc53084c1ce42e65f086da7a8fe5437ac9d2bf41effc84ae,,
1021,full_vs_no_reorder,high_priority_mean_delay,full,no_reorder,18.0922519425453,18.15913344648985,-0.0668815039445505,-0.3683077947614216,win,b6c9e6d96fcc728cdc53084c1ce42e65f086da7a8fe5437ac9d2bf41effc84ae,,
1021,full_vs_no_reorder,initial_planning_runtime,full,no_reorder,0.0952108000001317,0.0898749000007228,0.005335899999408894,5.937030249119588,loss,b6c9e6d96fcc728cdc53084c1ce42e65f086da7a8fe5437ac9d2bf41effc84ae,,
1021,full_vs_no_reorder,total_replanning_runtime,full,no_reorder,0.0397250000005442,0.0045582999991893,0.0351667000013549,771.4871774040616,loss,b6c9e6d96fcc728cdc53084c1ce42e65f086da7a8fe5437ac9d2bf41effc84ae,,
1021,full_vs_no_reorder,mean_replanning_runtime,full,no_reorder,0.0039725000000544,0.0004558299999189,0.0035166700001355005,771.4871774041148,loss,b6c9e6d96fcc728cdc53084c1ce42e65f086da7a8fe5437ac9d2bf41effc84ae,,
1021,full_vs_no_reorder,max_replanning_runtime,full,no_reorder,0.014328100000057,0.0008073999997577,0.013520700000299299,1674.5974739109301,loss,b6c9e6d96fcc728cdc53084c1ce42e65f086da7a8fe5437ac9d2bf41effc84ae,,
1021,full_vs_no_reorder,total_algorithm_runtime,full,no_reorder,0.1349358000006759,0.0944331999999121,0.04050260000076379,42.890212341423876,loss,b6c9e6d96fcc728cdc53084c1ce42e65f086da7a8fe5437ac9d2bf41effc84ae,,
1021,full_vs_no_reorder,assignment_changes,full,no_reorder,6.0,0.0,6.0,,loss,b6c9e6d96fcc728cdc53084c1ce42e65f086da7a8fe5437ac9d2bf41effc84ae,,
1021,full_vs_no_reorder,successor_edge_changes,full,no_reorder,5.0,0.0,5.0,,loss,b6c9e6d96fcc728cdc53084c1ce42e65f086da7a8fe5437ac9d2bf41effc84ae,,
1022,local_vs_full,weighted_mean_delay,local,full,18.367082410280723,18.367082410280723,0.0,0.0,tie,1006deff479e3c5be81834c44d75e485cc4a7a04c3724d8b8a5d969fbe8149d7,,
1022,local_vs_full,weighted_delay,local,full,1910.1765706691951,1910.1765706691951,0.0,0.0,tie,1006deff479e3c5be81834c44d75e485cc4a7a04c3724d8b8a5d969fbe8149d7,0.0,
1022,local_vs_full,high_priority_mean_delay,local,full,12.45828189498076,12.45828189498076,0.0,0.0,tie,1006deff479e3c5be81834c44d75e485cc4a7a04c3724d8b8a5d969fbe8149d7,,
1022,local_vs_full,initial_planning_runtime,local,full,0.0767751999992469,0.0802640000001702,-0.0034888000009233033,-4.346656036225339,win,1006deff479e3c5be81834c44d75e485cc4a7a04c3724d8b8a5d969fbe8149d7,,
1022,local_vs_full,total_replanning_runtime,local,full,0.0111137999992934,0.0226239999974495,-0.0115101999981561,-50.876060817953025,win,1006deff479e3c5be81834c44d75e485cc4a7a04c3724d8b8a5d969fbe8149d7,,0.4912393918204697
1022,local_vs_full,mean_replanning_runtime,local,full,0.0011113799999293,0.0022623999997449,-0.0011510199998156002,-50.876060817953714,win,1006deff479e3c5be81834c44d75e485cc4a7a04c3724d8b8a5d969fbe8149d7,,
1022,local_vs_full,max_replanning_runtime,local,full,0.0021993999998812,0.0052316000001155,-0.0030322000002343,-57.95932411054662,win,1006deff479e3c5be81834c44d75e485cc4a7a04c3724d8b8a5d969fbe8149d7,,
1022,local_vs_full,total_algorithm_runtime,local,full,0.0878889999985403,0.1028879999976197,-0.014998999999079402,-14.577987714239175,win,1006deff479e3c5be81834c44d75e485cc4a7a04c3724d8b8a5d969fbe8149d7,,
1022,local_vs_full,assignment_changes,local,full,4.0,4.0,0.0,0.0,tie,1006deff479e3c5be81834c44d75e485cc4a7a04c3724d8b8a5d969fbe8149d7,,
1022,local_vs_full,successor_edge_changes,local,full,1.0,1.0,0.0,0.0,tie,1006deff479e3c5be81834c44d75e485cc4a7a04c3724d8b8a5d969fbe8149d7,,
1022,local_vs_no_reorder,weighted_mean_delay,local,no_reorder,18.367082410280723,19.93450898543669,-1.5674265751559666,-7.862880276113458,win,1006deff479e3c5be81834c44d75e485cc4a7a04c3724d8b8a5d969fbe8149d7,,
1022,local_vs_no_reorder,weighted_delay,local,no_reorder,1910.1765706691951,2073.188934485416,-163.01236381622107,-7.862880276113484,win,1006deff479e3c5be81834c44d75e485cc4a7a04c3724d8b8a5d969fbe8149d7,,
1022,local_vs_no_reorder,high_priority_mean_delay,local,no_reorder,12.45828189498076,13.678383984776396,-1.2201020897956365,-8.919928634505151,win,1006deff479e3c5be81834c44d75e485cc4a7a04c3724d8b8a5d969fbe8149d7,,
1022,local_vs_no_reorder,initial_planning_runtime,local,no_reorder,0.0767751999992469,0.0820951000005152,-0.005319900001268307,-6.480167514547057,win,1006deff479e3c5be81834c44d75e485cc4a7a04c3724d8b8a5d969fbe8149d7,,
1022,local_vs_no_reorder,total_replanning_runtime,local,no_reorder,0.0111137999992934,0.003552900001523,0.0075608999977704,212.80925425791088,loss,1006deff479e3c5be81834c44d75e485cc4a7a04c3724d8b8a5d969fbe8149d7,,
1022,local_vs_no_reorder,mean_replanning_runtime,local,no_reorder,0.0011113799999293,0.0003552900001523,0.000756089999777,212.80925425789957,loss,1006deff479e3c5be81834c44d75e485cc4a7a04c3724d8b8a5d969fbe8149d7,,
1022,local_vs_no_reorder,max_replanning_runtime,local,no_reorder,0.0021993999998812,0.0006571000012627,0.0015422999986185,234.71313280395333,loss,1006deff479e3c5be81834c44d75e485cc4a7a04c3724d8b8a5d969fbe8149d7,,
1022,local_vs_no_reorder,total_algorithm_runtime,local,no_reorder,0.0878889999985403,0.0856480000020383,0.0022409999965019994,2.616523440650881,loss,1006deff479e3c5be81834c44d75e485cc4a7a04c3724d8b8a5d969fbe8149d7,,
1022,local_vs_no_reorder,assignment_changes,local,no_reorder,4.0,0.0,4.0,,loss,1006deff479e3c5be81834c44d75e485cc4a7a04c3724d8b8a5d969fbe8149d7,,
1022,local_vs_no_reorder,successor_edge_changes,local,no_reorder,1.0,0.0,1.0,,loss,1006deff479e3c5be81834c44d75e485cc4a7a04c3724d8b8a5d969fbe8149d7,,
1022,full_vs_no_reorder,weighted_mean_delay,full,no_reorder,18.367082410280723,19.93450898543669,-1.5674265751559666,-7.862880276113458,win,1006deff479e3c5be81834c44d75e485cc4a7a04c3724d8b8a5d969fbe8149d7,,
1022,full_vs_no_reorder,weighted_delay,full,no_reorder,1910.1765706691951,2073.188934485416,-163.01236381622107,-7.862880276113484,win,1006deff479e3c5be81834c44d75e485cc4a7a04c3724d8b8a5d969fbe8149d7,,
1022,full_vs_no_reorder,high_priority_mean_delay,full,no_reorder,12.45828189498076,13.678383984776396,-1.2201020897956365,-8.919928634505151,win,1006deff479e3c5be81834c44d75e485cc4a7a04c3724d8b8a5d969fbe8149d7,,
1022,full_vs_no_reorder,initial_planning_runtime,full,no_reorder,0.0802640000001702,0.0820951000005152,-0.001831100000345004,-2.230461989002404,win,1006deff479e3c5be81834c44d75e485cc4a7a04c3724d8b8a5d969fbe8149d7,,
1022,full_vs_no_reorder,total_replanning_runtime,full,no_reorder,0.0226239999974495,0.003552900001523,0.019071099995926502,536.7755914253542,loss,1006deff479e3c5be81834c44d75e485cc4a7a04c3724d8b8a5d969fbe8149d7,,
1022,full_vs_no_reorder,mean_replanning_runtime,full,no_reorder,0.0022623999997449,0.0003552900001523,0.0019071099995926002,536.7755914253402,loss,1006deff479e3c5be81834c44d75e485cc4a7a04c3724d8b8a5d969fbe8149d7,,
1022,full_vs_no_reorder,max_replanning_runtime,full,no_reorder,0.0052316000001155,0.0006571000012627,0.0045744999988528,696.1649657681213,loss,1006deff479e3c5be81834c44d75e485cc4a7a04c3724d8b8a5d969fbe8149d7,,
1022,full_vs_no_reorder,total_algorithm_runtime,full,no_reorder,0.1028879999976197,0.0856480000020383,0.0172399999955814,20.12889967678301,loss,1006deff479e3c5be81834c44d75e485cc4a7a04c3724d8b8a5d969fbe8149d7,,
1022,full_vs_no_reorder,assignment_changes,full,no_reorder,4.0,0.0,4.0,,loss,1006deff479e3c5be81834c44d75e485cc4a7a04c3724d8b8a5d969fbe8149d7,,
1022,full_vs_no_reorder,successor_edge_changes,full,no_reorder,1.0,0.0,1.0,,loss,1006deff479e3c5be81834c44d75e485cc4a7a04c3724d8b8a5d969fbe8149d7,,
1023,local_vs_full,weighted_mean_delay,local,full,20.630407631656198,21.15979944261625,-0.5293918109600533,-2.5018753717194873,win,40efeef7fc9164e156b3585d85f7516f576f310949983a94ec4dc1070f7f4f6d,,
1023,local_vs_full,weighted_delay,local,full,2269.344839482181,2327.577938687788,-58.23309920560678,-2.501875371719526,win,40efeef7fc9164e156b3585d85f7516f576f310949983a94ec4dc1070f7f4f6d,-2.501875371719526,
1023,local_vs_full,high_priority_mean_delay,local,full,16.897634320773225,18.79468176183036,-1.8970474410571363,-10.093533187190227,win,40efeef7fc9164e156b3585d85f7516f576f310949983a94ec4dc1070f7f4f6d,,
1023,local_vs_full,initial_planning_runtime,local,full,0.129113299999517,0.1236563000002206,0.0054569999992964136,4.413038396981536,loss,40efeef7fc9164e156b3585d85f7516f576f310949983a94ec4dc1070f7f4f6d,,
1023,local_vs_full,total_replanning_runtime,local,full,0.0298929999989923,0.1062347000042791,-0.07634170000528681,-71.86135980259914,win,40efeef7fc9164e156b3585d85f7516f576f310949983a94ec4dc1070f7f4f6d,,0.28138640197400866
1023,local_vs_full,mean_replanning_runtime,local,full,0.0029892999998992,0.0106234700004279,-0.0076341700005287,-71.8613598025994,win,40efeef7fc9164e156b3585d85f7516f576f310949983a94ec4dc1070f7f4f6d,,
1023,local_vs_full,max_replanning_runtime,local,full,0.0097053999998024,0.0266671999997925,-0.0169617999999901,-63.605477890899984,win,40efeef7fc9164e156b3585d85f7516f576f310949983a94ec4dc1070f7f4f6d,,
1023,local_vs_full,total_algorithm_runtime,local,full,0.1590062999985093,0.2298910000044998,-0.07088470000599051,-30.83404744187595,win,40efeef7fc9164e156b3585d85f7516f576f310949983a94ec4dc1070f7f4f6d,,
1023,local_vs_full,assignment_changes,local,full,6.0,14.0,-8.0,-57.14285714285714,win,40efeef7fc9164e156b3585d85f7516f576f310949983a94ec4dc1070f7f4f6d,,
1023,local_vs_full,successor_edge_changes,local,full,3.0,14.0,-11.0,-78.57142857142857,win,40efeef7fc9164e156b3585d85f7516f576f310949983a94ec4dc1070f7f4f6d,,
1023,local_vs_no_reorder,weighted_mean_delay,local,no_reorder,20.630407631656198,20.900028915646622,-0.26962128399042484,-1.2900522055669275,win,40efeef7fc9164e156b3585d85f7516f576f310949983a94ec4dc1070f7f4f6d,,
1023,local_vs_no_reorder,weighted_delay,local,no_reorder,2269.344839482181,2299.003180721129,-29.65834123894774,-1.2900522055669712,win,40efeef7fc9164e156b3585d85f7516f576f310949983a94ec4dc1070f7f4f6d,,
1023,local_vs_no_reorder,high_priority_mean_delay,local,no_reorder,16.897634320773225,18.003129297199756,-1.105494976426531,-6.140571220573758,win,40efeef7fc9164e156b3585d85f7516f576f310949983a94ec4dc1070f7f4f6d,,
1023,local_vs_no_reorder,initial_planning_runtime,local,no_reorder,0.129113299999517,0.1288886000002094,0.00022469999930760376,0.1743365971135063,loss,40efeef7fc9164e156b3585d85f7516f576f310949983a94ec4dc1070f7f4f6d,,
1023,local_vs_no_reorder,total_replanning_runtime,local,no_reorder,0.0298929999989923,0.0069095999988348,0.0229834000001575,332.6299641662803,loss,40efeef7fc9164e156b3585d85f7516f576f310949983a94ec4dc1070f7f4f6d,,
1023,local_vs_no_reorder,mean_replanning_runtime,local,no_reorder,0.0029892999998992,0.0006909599998834,0.0022983400000157997,332.629964166326,loss,40efeef7fc9164e156b3585d85f7516f576f310949983a94ec4dc1070f7f4f6d,,
1023,local_vs_no_reorder,max_replanning_runtime,local,no_reorder,0.0097053999998024,0.0010244999994029,0.0086809000003995,847.3304056084831,loss,40efeef7fc9164e156b3585d85f7516f576f310949983a94ec4dc1070f7f4f6d,,
1023,local_vs_no_reorder,total_algorithm_runtime,local,no_reorder,0.1590062999985093,0.1357981999990443,0.023208099999464993,17.09013816061503,loss,40efeef7fc9164e156b3585d85f7516f576f310949983a94ec4dc1070f7f4f6d,,
1023,local_vs_no_reorder,assignment_changes,local,no_reorder,6.0,0.0,6.0,,loss,40efeef7fc9164e156b3585d85f7516f576f310949983a94ec4dc1070f7f4f6d,,
1023,local_vs_no_reorder,successor_edge_changes,local,no_reorder,3.0,0.0,3.0,,loss,40efeef7fc9164e156b3585d85f7516f576f310949983a94ec4dc1070f7f4f6d,,
1023,full_vs_no_reorder,weighted_mean_delay,full,no_reorder,21.15979944261625,20.900028915646622,0.25977052696962843,1.2429194620642534,loss,40efeef7fc9164e156b3585d85f7516f576f310949983a94ec4dc1070f7f4f6d,,
1023,full_vs_no_reorder,weighted_delay,full,no_reorder,2327.577938687788,2299.003180721129,28.574757966659035,1.2429194620642492,loss,40efeef7fc9164e156b3585d85f7516f576f310949983a94ec4dc1070f7f4f6d,,
1023,full_vs_no_reorder,high_priority_mean_delay,full,no_reorder,18.79468176183036,18.003129297199756,0.7915524646306054,4.39674931820728,loss,40efeef7fc9164e156b3585d85f7516f576f310949983a94ec4dc1070f7f4f6d,,
1023,full_vs_no_reorder,initial_planning_runtime,full,no_reorder,0.1236563000002206,0.1288886000002094,-0.00523229999998881,-4.059552202429314,win,40efeef7fc9164e156b3585d85f7516f576f310949983a94ec4dc1070f7f4f6d,,
1023,full_vs_no_reorder,total_replanning_runtime,full,no_reorder,0.1062347000042791,0.0069095999988348,0.09932510000544431,1437.4942112740823,loss,40efeef7fc9164e156b3585d85f7516f576f310949983a94ec4dc1070f7f4f6d,,
1023,full_vs_no_reorder,mean_replanning_runtime,full,no_reorder,0.0106234700004279,0.0006909599998834,0.0099325100005445,1437.4942112742588,loss,40efeef7fc9164e156b3585d85f7516f576f310949983a94ec4dc1070f7f4f6d,,
1023,full_vs_no_reorder,max_replanning_runtime,full,no_reorder,0.0266671999997925,0.0010244999994029,0.025642700000389602,2502.9477809013865,loss,40efeef7fc9164e156b3585d85f7516f576f310949983a94ec4dc1070f7f4f6d,,
1023,full_vs_no_reorder,total_algorithm_runtime,full,no_reorder,0.2298910000044998,0.1357981999990443,0.0940928000054555,69.28869455273906,loss,40efeef7fc9164e156b3585d85f7516f576f310949983a94ec4dc1070f7f4f6d,,
1023,full_vs_no_reorder,assignment_changes,full,no_reorder,14.0,0.0,14.0,,loss,40efeef7fc9164e156b3585d85f7516f576f310949983a94ec4dc1070f7f4f6d,,
1023,full_vs_no_reorder,successor_edge_changes,full,no_reorder,14.0,0.0,14.0,,loss,40efeef7fc9164e156b3585d85f7516f576f310949983a94ec4dc1070f7f4f6d,,
1024,local_vs_full,weighted_mean_delay,local,full,19.13515829511133,18.693182557370232,0.44197573774109955,2.36436859472514,loss,3afb6d98b1bc2e233007c18c726d82d62285d32320f7e9986799c185149dfbf6,,
1024,local_vs_full,weighted_delay,local,full,1798.7048797404657,1757.1591603928018,41.54571934766386,2.364368594725169,loss,3afb6d98b1bc2e233007c18c726d82d62285d32320f7e9986799c185149dfbf6,2.364368594725169,
1024,local_vs_full,high_priority_mean_delay,local,full,13.583742347478456,14.432429318770447,-0.8486869712919916,-5.880416612802746,win,3afb6d98b1bc2e233007c18c726d82d62285d32320f7e9986799c185149dfbf6,,
1024,local_vs_full,initial_planning_runtime,local,full,0.0781740000002173,0.0972920000003796,-0.019118000000162297,-19.650125395806135,win,3afb6d98b1bc2e233007c18c726d82d62285d32320f7e9986799c185149dfbf6,,
1024,local_vs_full,total_replanning_runtime,local,full,0.0476099999978032,0.1621183999959612,-0.114508399998158,-70.63257471145207,win,3afb6d98b1bc2e233007c18c726d82d62285d32320f7e9986799c185149dfbf6,,0.2936742528854793
1024,local_vs_full,mean_replanning_runtime,local,full,0.0047609999997803,0.0162118399995961,-0.011450839999815799,-70.63257471145215,win,3afb6d98b1bc2e233007c18c726d82d62285d32320f7e9986799c185149dfbf6,,
1024,local_vs_full,max_replanning_runtime,local,full,0.0131027000006724,0.0738760999993246,-0.060773399998652194,-82.26395275225386,win,3afb6d98b1bc2e233007c18c726d82d62285d32320f7e9986799c185149dfbf6,,
1024,local_vs_full,total_algorithm_runtime,local,full,0.1257839999980206,0.2594103999963408,-0.1336263999983202,-51.511581648309054,win,3afb6d98b1bc2e233007c18c726d82d62285d32320f7e9986799c185149dfbf6,,
1024,local_vs_full,assignment_changes,local,full,8.0,13.0,-5.0,-38.46153846153847,win,3afb6d98b1bc2e233007c18c726d82d62285d32320f7e9986799c185149dfbf6,,
1024,local_vs_full,successor_edge_changes,local,full,13.0,19.0,-6.0,-31.57894736842105,win,3afb6d98b1bc2e233007c18c726d82d62285d32320f7e9986799c185149dfbf6,,
1024,local_vs_no_reorder,weighted_mean_delay,local,no_reorder,19.13515829511133,20.006958604712757,-0.8718003096014257,-4.357485447068742,win,3afb6d98b1bc2e233007c18c726d82d62285d32320f7e9986799c185149dfbf6,,
1024,local_vs_no_reorder,weighted_delay,local,no_reorder,1798.7048797404657,1880.6541088429988,-81.94922910253308,-4.357485447068692,win,3afb6d98b1bc2e233007c18c726d82d62285d32320f7e9986799c185149dfbf6,,
1024,local_vs_no_reorder,high_priority_mean_delay,local,no_reorder,13.583742347478456,14.365079189652528,-0.7813368421740723,-5.4391405147065655,win,3afb6d98b1bc2e233007c18c726d82d62285d32320f7e9986799c185149dfbf6,,
1024,local_vs_no_reorder,initial_planning_runtime,local,no_reorder,0.0781740000002173,0.0784896000004664,-0.00031560000024909163,-0.40209148759481034,win,3afb6d98b1bc2e233007c18c726d82d62285d32320f7e9986799c185149dfbf6,,
1024,local_vs_no_reorder,total_replanning_runtime,local,no_reorder,0.0476099999978032,0.0084850000002916,0.0391249999975116,461.1078373148735,loss,3afb6d98b1bc2e233007c18c726d82d62285d32320f7e9986799c185149dfbf6,,
1024,local_vs_no_reorder,mean_replanning_runtime,local,no_reorder,0.0047609999997803,0.0008485000000291,0.0039124999997512,461.1078373149108,loss,3afb6d98b1bc2e233007c18c726d82d62285d32320f7e9986799c185149dfbf6,,
1024,local_vs_no_reorder,max_replanning_runtime,local,no_reorder,0.0131027000006724,0.0015015999997558,0.0116011000009166,772.5825787695289,loss,3afb6d98b1bc2e233007c18c726d82d62285d32320f7e9986799c185149dfbf6,,
1024,local_vs_no_reorder,total_algorithm_runtime,local,no_reorder,0.1257839999980206,0.086974600000758,0.038809399997262586,44.621533179714945,loss,3afb6d98b1bc2e233007c18c726d82d62285d32320f7e9986799c185149dfbf6,,
1024,local_vs_no_reorder,assignment_changes,local,no_reorder,8.0,0.0,8.0,,loss,3afb6d98b1bc2e233007c18c726d82d62285d32320f7e9986799c185149dfbf6,,
1024,local_vs_no_reorder,successor_edge_changes,local,no_reorder,13.0,0.0,13.0,,loss,3afb6d98b1bc2e233007c18c726d82d62285d32320f7e9986799c185149dfbf6,,
1024,full_vs_no_reorder,weighted_mean_delay,full,no_reorder,18.693182557370232,20.006958604712757,-1.3137760473425253,-6.5665955195861585,win,3afb6d98b1bc2e233007c18c726d82d62285d32320f7e9986799c185149dfbf6,,
1024,full_vs_no_reorder,weighted_delay,full,no_reorder,1757.1591603928018,1880.6541088429988,-123.49494845019694,-6.566595519586136,win,3afb6d98b1bc2e233007c18c726d82d62285d32320f7e9986799c185149dfbf6,,
1024,full_vs_no_reorder,high_priority_mean_delay,full,no_reorder,14.432429318770447,14.365079189652528,0.06735012911791927,0.46884620842489333,loss,3afb6d98b1bc2e233007c18c726d82d62285d32320f7e9986799c185149dfbf6,,
1024,full_vs_no_reorder,initial_planning_runtime,full,no_reorder,0.0972920000003796,0.0784896000004664,0.018802399999913205,23.955275603139114,loss,3afb6d98b1bc2e233007c18c726d82d62285d32320f7e9986799c185149dfbf6,,
1024,full_vs_no_reorder,total_replanning_runtime,full,no_reorder,0.1621183999959612,0.0084850000002916,0.1536333999956696,1810.6470240470212,loss,3afb6d98b1bc2e233007c18c726d82d62285d32320f7e9986799c185149dfbf6,,
1024,full_vs_no_reorder,mean_replanning_runtime,full,no_reorder,0.0162118399995961,0.0008485000000291,0.015363339999566999,1810.6470240471542,loss,3afb6d98b1bc2e233007c18c726d82d62285d32320f7e9986799c185149dfbf6,,
1024,full_vs_no_reorder,max_replanning_runtime,full,no_reorder,0.0738760999993246,0.0015015999997558,0.0723744999995688,4819.82552020104,loss,3afb6d98b1bc2e233007c18c726d82d62285d32320f7e9986799c185149dfbf6,,
1024,full_vs_no_reorder,total_algorithm_runtime,full,no_reorder,0.2594103999963408,0.086974600000758,0.17243579999558278,198.25995174922332,loss,3afb6d98b1bc2e233007c18c726d82d62285d32320f7e9986799c185149dfbf6,,
1024,full_vs_no_reorder,assignment_changes,full,no_reorder,13.0,0.0,13.0,,loss,3afb6d98b1bc2e233007c18c726d82d62285d32320f7e9986799c185149dfbf6,,
1024,full_vs_no_reorder,successor_edge_changes,full,no_reorder,19.0,0.0,19.0,,loss,3afb6d98b1bc2e233007c18c726d82d62285d32320f7e9986799c185149dfbf6,,
1025,local_vs_full,weighted_mean_delay,local,full,18.9867809932825,18.7310375902607,0.25574340302179976,1.365345629089842,loss,ae06e3fb6abd3b28fbf2fc6ceb91a8ad345125ab121f877b016070f42369f017,,
1025,local_vs_full,weighted_delay,local,full,2221.4533762140527,2191.531398060502,29.921978153550754,1.3653456290898505,loss,ae06e3fb6abd3b28fbf2fc6ceb91a8ad345125ab121f877b016070f42369f017,1.3653456290898505,
1025,local_vs_full,high_priority_mean_delay,local,full,18.094073059891823,16.64911644970864,1.4449566101831834,8.678878633277085,loss,ae06e3fb6abd3b28fbf2fc6ceb91a8ad345125ab121f877b016070f42369f017,,
1025,local_vs_full,initial_planning_runtime,local,full,0.084329000001162,0.0801964000002044,0.004132600000957609,5.1530991427883,loss,ae06e3fb6abd3b28fbf2fc6ceb91a8ad345125ab121f877b016070f42369f017,,
1025,local_vs_full,total_replanning_runtime,local,full,0.0379788999980519,0.1120240000018384,-0.0740451000037865,-66.09753267386574,win,ae06e3fb6abd3b28fbf2fc6ceb91a8ad345125ab121f877b016070f42369f017,,0.33902467326134256
1025,local_vs_full,mean_replanning_runtime,local,full,0.0037978899998051,0.0112024000001838,-0.0074045100003787,-66.09753267386643,win,ae06e3fb6abd3b28fbf2fc6ceb91a8ad345125ab121f877b016070f42369f017,,
1025,local_vs_full,max_replanning_runtime,local,full,0.0107711999989987,0.0297989999999117,-0.019027800000913003,-63.85382060125973,win,ae06e3fb6abd3b28fbf2fc6ceb91a8ad345125ab121f877b016070f42369f017,,
1025,local_vs_full,total_algorithm_runtime,local,full,0.1223078999992139,0.1922204000020428,-0.06991250000282889,-36.37100952973041,win,ae06e3fb6abd3b28fbf2fc6ceb91a8ad345125ab121f877b016070f42369f017,,
1025,local_vs_full,assignment_changes,local,full,5.0,11.0,-6.0,-54.54545454545454,win,ae06e3fb6abd3b28fbf2fc6ceb91a8ad345125ab121f877b016070f42369f017,,
1025,local_vs_full,successor_edge_changes,local,full,9.0,15.0,-6.0,-40.0,win,ae06e3fb6abd3b28fbf2fc6ceb91a8ad345125ab121f877b016070f42369f017,,
1025,local_vs_no_reorder,weighted_mean_delay,local,no_reorder,18.9867809932825,18.306977029654263,0.6798039636282383,3.7133600076466404,loss,ae06e3fb6abd3b28fbf2fc6ceb91a8ad345125ab121f877b016070f42369f017,,
1025,local_vs_no_reorder,weighted_delay,local,no_reorder,2221.4533762140527,2141.9163124695488,79.53706374450394,3.713360007646643,loss,ae06e3fb6abd3b28fbf2fc6ceb91a8ad345125ab121f877b016070f42369f017,,
1025,local_vs_no_reorder,high_priority_mean_delay,local,no_reorder,18.094073059891823,16.756051143365514,1.3380219165263085,7.98530575657793,loss,ae06e3fb6abd3b28fbf2fc6ceb91a8ad345125ab121f877b016070f42369f017,,
1025,local_vs_no_reorder,initial_planning_runtime,local,no_reorder,0.084329000001162,0.0934722999991208,-0.009143299997958793,-9.781828411245678,win,ae06e3fb6abd3b28fbf2fc6ceb91a8ad345125ab121f877b016070f42369f017,,
1025,local_vs_no_reorder,total_replanning_runtime,local,no_reorder,0.0379788999980519,0.007332099998166,0.030646799999885902,417.9812060330829,loss,ae06e3fb6abd3b28fbf2fc6ceb91a8ad345125ab121f877b016070f42369f017,,
1025,local_vs_no_reorder,mean_replanning_runtime,local,no_reorder,0.0037978899998051,0.0007332099998166,0.0030646799999885,417.9812060330707,loss,ae06e3fb6abd3b28fbf2fc6ceb91a8ad345125ab121f877b016070f42369f017,,
1025,local_vs_no_reorder,max_replanning_runtime,local,no_reorder,0.0107711999989987,0.0017642999991949,0.009006899999803801,510.50841715773424,loss,ae06e3fb6abd3b28fbf2fc6ceb91a8ad345125ab121f877b016070f42369f017,,
1025,local_vs_no_reorder,total_algorithm_runtime,local,no_reorder,0.1223078999992139,0.1008043999972869,0.02150350000192701,21.33190614943967,loss,ae06e3fb6abd3b28fbf2fc6ceb91a8ad345125ab121f877b016070f42369f017,,
1025,local_vs_no_reorder,assignment_changes,local,no_reorder,5.0,0.0,5.0,,loss,ae06e3fb6abd3b28fbf2fc6ceb91a8ad345125ab121f877b016070f42369f017,,
1025,local_vs_no_reorder,successor_edge_changes,local,no_reorder,9.0,0.0,9.0,,loss,ae06e3fb6abd3b28fbf2fc6ceb91a8ad345125ab121f877b016070f42369f017,,
1025,full_vs_no_reorder,weighted_mean_delay,full,no_reorder,18.7310375902607,18.306977029654263,0.4240605606064385,2.3163876806068573,loss,ae06e3fb6abd3b28fbf2fc6ceb91a8ad345125ab121f877b016070f42369f017,,
1025,full_vs_no_reorder,weighted_delay,full,no_reorder,2191.531398060502,2141.9163124695488,49.615085590953186,2.3163876806068515,loss,ae06e3fb6abd3b28fbf2fc6ceb91a8ad345125ab121f877b016070f42369f017,,
1025,full_vs_no_reorder,high_priority_mean_delay,full,no_reorder,16.64911644970864,16.756051143365514,-0.10693469365687491,-0.6381855291675642,win,ae06e3fb6abd3b28fbf2fc6ceb91a8ad345125ab121f877b016070f42369f017,,
1025,full_vs_no_reorder,initial_planning_runtime,full,no_reorder,0.0801964000002044,0.0934722999991208,-0.013275899998916402,-14.203031271340574,win,ae06e3fb6abd3b28fbf2fc6ceb91a8ad345125ab121f877b016070f42369f017,,
1025,full_vs_no_reorder,total_replanning_runtime,full,no_reorder,0.1120240000018384,0.007332099998166,0.1046919000036724,1427.8569581683187,loss,ae06e3fb6abd3b28fbf2fc6ceb91a8ad345125ab121f877b016070f42369f017,,
1025,full_vs_no_reorder,mean_replanning_runtime,full,no_reorder,0.0112024000001838,0.0007332099998166,0.0104691900003672,1427.8569581683132,loss,ae06e3fb6abd3b28fbf2fc6ceb91a8ad345125ab121f877b016070f42369f017,,
1025,full_vs_no_reorder,max_replanning_runtime,full,no_reorder,0.0297989999999117,0.0017642999991949,0.0280347000007168,1588.998470413752,loss,ae06e3fb6abd3b28fbf2fc6ceb91a8ad345125ab121f877b016070f42369f017,,
1025,full_vs_no_reorder,total_algorithm_runtime,full,no_reorder,0.1922204000020428,0.1008043999972869,0.0914160000047559,90.68651765916599,loss,ae06e3fb6abd3b28fbf2fc6ceb91a8ad345125ab121f877b016070f42369f017,,
1025,full_vs_no_reorder,assignment_changes,full,no_reorder,11.0,0.0,11.0,,loss,ae06e3fb6abd3b28fbf2fc6ceb91a8ad345125ab121f877b016070f42369f017,,
1025,full_vs_no_reorder,successor_edge_changes,full,no_reorder,15.0,0.0,15.0,,loss,ae06e3fb6abd3b28fbf2fc6ceb91a8ad345125ab121f877b016070f42369f017,,
1026,local_vs_full,weighted_mean_delay,local,full,16.386790107032343,16.03445732735848,0.352332779673862,2.197347702392778,loss,3a7d0c62bfec7ca9a228a6d63c8a04c68b2938486617dc1bce5125a8093c59bc,,
1026,local_vs_full,weighted_delay,local,full,1917.254442522784,1876.0315073009424,41.22293522184168,2.1973477023927686,loss,3a7d0c62bfec7ca9a228a6d63c8a04c68b2938486617dc1bce5125a8093c59bc,2.1973477023927686,
1026,local_vs_full,high_priority_mean_delay,local,full,11.68692759595754,11.61949106746827,0.06743652848927084,0.580374201397483,loss,3a7d0c62bfec7ca9a228a6d63c8a04c68b2938486617dc1bce5125a8093c59bc,,
1026,local_vs_full,initial_planning_runtime,local,full,0.1239542000002984,0.1242379000013897,-0.00028370000109130544,-0.2283522186773376,win,3a7d0c62bfec7ca9a228a6d63c8a04c68b2938486617dc1bce5125a8093c59bc,,
1026,local_vs_full,total_replanning_runtime,local,full,0.0406400000028952,0.1319760999995196,-0.0913360999966244,-69.2065457283227,win,3a7d0c62bfec7ca9a228a6d63c8a04c68b2938486617dc1bce5125a8093c59bc,,0.30793454271677323
1026,local_vs_full,mean_replanning_runtime,local,full,0.0040640000002895,0.0131976099999519,-0.009133609999662399,-69.2065457283227,win,3a7d0c62bfec7ca9a228a6d63c8a04c68b2938486617dc1bce5125a8093c59bc,,
1026,local_vs_full,max_replanning_runtime,local,full,0.0101104999994277,0.0440207999999984,-0.0339103000005707,-77.03244829846784,win,3a7d0c62bfec7ca9a228a6d63c8a04c68b2938486617dc1bce5125a8093c59bc,,
1026,local_vs_full,total_algorithm_runtime,local,full,0.1645942000031937,0.2562140000009094,-0.09161979999771569,-35.759092008005226,win,3a7d0c62bfec7ca9a228a6d63c8a04c68b2938486617dc1bce5125a8093c59bc,,
1026,local_vs_full,assignment_changes,local,full,11.0,8.0,3.0,37.5,loss,3a7d0c62bfec7ca9a228a6d63c8a04c68b2938486617dc1bce5125a8093c59bc,,
1026,local_vs_full,successor_edge_changes,local,full,7.0,8.0,-1.0,-12.5,win,3a7d0c62bfec7ca9a228a6d63c8a04c68b2938486617dc1bce5125a8093c59bc,,
1026,local_vs_no_reorder,weighted_mean_delay,local,no_reorder,16.386790107032343,17.25166270107101,-0.8648725940386655,-5.013270946834434,win,3a7d0c62bfec7ca9a228a6d63c8a04c68b2938486617dc1bce5125a8093c59bc,,
1026,local_vs_no_reorder,weighted_delay,local,no_reorder,1917.254442522784,2018.444536025308,-101.19009350252395,-5.013270946834439,win,3a7d0c62bfec7ca9a228a6d63c8a04c68b2938486617dc1bce5125a8093c59bc,,
1026,local_vs_no_reorder,high_priority_mean_delay,local,no_reorder,11.68692759595754,13.349178617219666,-1.6622510212621258,-12.452084648248832,win,3a7d0c62bfec7ca9a228a6d63c8a04c68b2938486617dc1bce5125a8093c59bc,,
1026,local_vs_no_reorder,initial_planning_runtime,local,no_reorder,0.1239542000002984,0.1310456999999587,-0.007091499999660286,-5.411470959873175,win,3a7d0c62bfec7ca9a228a6d63c8a04c68b2938486617dc1bce5125a8093c59bc,,
1026,local_vs_no_reorder,total_replanning_runtime,local,no_reorder,0.0406400000028952,0.0067739999958575,0.0338660000070377,499.94095110345074,loss,3a7d0c62bfec7ca9a228a6d63c8a04c68b2938486617dc1bce5125a8093c59bc,,
1026,local_vs_no_reorder,mean_replanning_runtime,local,no_reorder,0.0040640000002895,0.0006773999995857,0.0033866000007038,499.9409511034921,loss,3a7d0c62bfec7ca9a228a6d63c8a04c68b2938486617dc1bce5125a8093c59bc,,
1026,local_vs_no_reorder,max_replanning_runtime,local,no_reorder,0.0101104999994277,0.0014136999998299,0.0086967999995978,615.1800240959342,loss,3a7d0c62bfec7ca9a228a6d63c8a04c68b2938486617dc1bce5125a8093c59bc,,
1026,local_vs_no_reorder,total_algorithm_runtime,local,no_reorder,0.1645942000031937,0.1378196999958163,0.026774500007377383,19.427193650973088,loss,3a7d0c62bfec7ca9a228a6d63c8a04c68b2938486617dc1bce5125a8093c59bc,,
1026,local_vs_no_reorder,assignment_changes,local,no_reorder,11.0,0.0,11.0,,loss,3a7d0c62bfec7ca9a228a6d63c8a04c68b2938486617dc1bce5125a8093c59bc,,
1026,local_vs_no_reorder,successor_edge_changes,local,no_reorder,7.0,0.0,7.0,,loss,3a7d0c62bfec7ca9a228a6d63c8a04c68b2938486617dc1bce5125a8093c59bc,,
1026,full_vs_no_reorder,weighted_mean_delay,full,no_reorder,16.03445732735848,17.25166270107101,-1.2172053737125275,-7.055582959183184,win,3a7d0c62bfec7ca9a228a6d63c8a04c68b2938486617dc1bce5125a8093c59bc,,
1026,full_vs_no_reorder,weighted_delay,full,no_reorder,1876.0315073009424,2018.444536025308,-142.41302872436563,-7.055582959183179,win,3a7d0c62bfec7ca9a228a6d63c8a04c68b2938486617dc1bce5125a8093c59bc,,
1026,full_vs_no_reorder,high_priority_mean_delay,full,no_reorder,11.61949106746827,13.349178617219666,-1.7296875497513966,-12.957258265465113,win,3a7d0c62bfec7ca9a228a6d63c8a04c68b2938486617dc1bce5125a8093c59bc,,
1026,full_vs_no_reorder,initial_planning_runtime,full,no_reorder,0.1242379000013897,0.1310456999999587,-0.006807799998568981,-5.194981596932312,win,3a7d0c62bfec7ca9a228a6d63c8a04c68b2938486617dc1bce5125a8093c59bc,,
1026,full_vs_no_reorder,total_replanning_runtime,full,no_reorder,0.1319760999995196,0.0067739999958575,0.12520210000366208,1848.2742852114975,loss,3a7d0c62bfec7ca9a228a6d63c8a04c68b2938486617dc1bce5125a8093c59bc,,
1026,full_vs_no_reorder,mean_replanning_runtime,full,no_reorder,0.0131976099999519,0.0006773999995857,0.0125202100003662,1848.2742852116328,loss,3a7d0c62bfec7ca9a228a6d63c8a04c68b2938486617dc1bce5125a8093c59bc,,
1026,full_vs_no_reorder,max_replanning_runtime,full,no_reorder,0.0440207999999984,0.0014136999998299,0.042607100000168506,3013.8714016619583,loss,3a7d0c62bfec7ca9a228a6d63c8a04c68b2938486617dc1bce5125a8093c59bc,,
1026,full_vs_no_reorder,total_algorithm_runtime,full,no_reorder,0.2562140000009094,0.1378196999958163,0.11839430000509307,85.90520804259992,loss,3a7d0c62bfec7ca9a228a6d63c8a04c68b2938486617dc1bce5125a8093c59bc,,
1026,full_vs_no_reorder,assignment_changes,full,no_reorder,8.0,0.0,8.0,,loss,3a7d0c62bfec7ca9a228a6d63c8a04c68b2938486617dc1bce5125a8093c59bc,,
1026,full_vs_no_reorder,successor_edge_changes,full,no_reorder,8.0,0.0,8.0,,loss,3a7d0c62bfec7ca9a228a6d63c8a04c68b2938486617dc1bce5125a8093c59bc,,
1027,local_vs_full,weighted_mean_delay,local,full,19.950225487324268,19.950225487324268,0.0,0.0,tie,714a3dea6d7ee1226f7a7ac5b2ed113ccaf09170837a426adc6c86885b112e02,,
1027,local_vs_full,weighted_delay,local,full,2693.280440788776,2693.280440788776,0.0,0.0,tie,714a3dea6d7ee1226f7a7ac5b2ed113ccaf09170837a426adc6c86885b112e02,0.0,
1027,local_vs_full,high_priority_mean_delay,local,full,19.258418265158078,19.258418265158078,0.0,0.0,tie,714a3dea6d7ee1226f7a7ac5b2ed113ccaf09170837a426adc6c86885b112e02,,
1027,local_vs_full,initial_planning_runtime,local,full,0.0809304999984306,0.0768007999995461,0.0041296999988845035,5.377157528188391,loss,714a3dea6d7ee1226f7a7ac5b2ed113ccaf09170837a426adc6c86885b112e02,,
1027,local_vs_full,total_replanning_runtime,local,full,0.0364430999979958,0.1357706999988295,-0.09932760000083371,-73.15834712621356,win,714a3dea6d7ee1226f7a7ac5b2ed113ccaf09170837a426adc6c86885b112e02,,0.2684165287378645
1027,local_vs_full,mean_replanning_runtime,local,full,0.0036443099997995,0.0135770699998829,-0.009932760000083399,-73.15834712621404,win,714a3dea6d7ee1226f7a7ac5b2ed113ccaf09170837a426adc6c86885b112e02,,
1027,local_vs_full,max_replanning_runtime,local,full,0.0087185000011231,0.0303547000003163,-0.021636199999193202,-71.27792400836691,win,714a3dea6d7ee1226f7a7ac5b2ed113ccaf09170837a426adc6c86885b112e02,,
1027,local_vs_full,total_algorithm_runtime,local,full,0.1173735999964264,0.2125714999983756,-0.0951979000019492,-44.783943286224485,win,714a3dea6d7ee1226f7a7ac5b2ed113ccaf09170837a426adc6c86885b112e02,,
1027,local_vs_full,assignment_changes,local,full,1.0,5.0,-4.0,-80.0,win,714a3dea6d7ee1226f7a7ac5b2ed113ccaf09170837a426adc6c86885b112e02,,
1027,local_vs_full,successor_edge_changes,local,full,0.0,6.0,-6.0,-100.0,win,714a3dea6d7ee1226f7a7ac5b2ed113ccaf09170837a426adc6c86885b112e02,,
1027,local_vs_no_reorder,weighted_mean_delay,local,no_reorder,19.950225487324268,19.96744705705852,-0.017221569734253706,-0.08624823035734984,win,714a3dea6d7ee1226f7a7ac5b2ed113ccaf09170837a426adc6c86885b112e02,,
1027,local_vs_no_reorder,weighted_delay,local,no_reorder,2693.280440788776,2695.6053527029,-2.3249119141237315,-0.08624823035733062,win,714a3dea6d7ee1226f7a7ac5b2ed113ccaf09170837a426adc6c86885b112e02,,
1027,local_vs_no_reorder,high_priority_mean_delay,local,no_reorder,19.258418265158078,19.259240885789605,-0.0008226206315278262,-0.004271303507786723,win,714a3dea6d7ee1226f7a7ac5b2ed113ccaf09170837a426adc6c86885b112e02,,
1027,local_vs_no_reorder,initial_planning_runtime,local,no_reorder,0.0809304999984306,0.0685427999997045,0.012387699998726104,18.072941284539745,loss,714a3dea6d7ee1226f7a7ac5b2ed113ccaf09170837a426adc6c86885b112e02,,
1027,local_vs_no_reorder,total_replanning_runtime,local,no_reorder,0.0364430999979958,0.0075927000016235,0.028850399996372296,379.9755026565437,loss,714a3dea6d7ee1226f7a7ac5b2ed113ccaf09170837a426adc6c86885b112e02,,
1027,local_vs_no_reorder,mean_replanning_runtime,local,no_reorder,0.0036443099997995,0.0007592700001623,0.0028850399996371997,379.97550265656474,loss,714a3dea6d7ee1226f7a7ac5b2ed113ccaf09170837a426adc6c86885b112e02,,
1027,local_vs_no_reorder,max_replanning_runtime,local,no_reorder,0.0087185000011231,0.001515300000392,0.007203200000731101,475.3646141930754,loss,714a3dea6d7ee1226f7a7ac5b2ed113ccaf09170837a426adc6c86885b112e02,,
1027,local_vs_no_reorder,total_algorithm_runtime,local,no_reorder,0.1173735999964264,0.0761355000013281,0.041238099995098296,54.16408901810449,loss,714a3dea6d7ee1226f7a7ac5b2ed113ccaf09170837a426adc6c86885b112e02,,
1027,local_vs_no_reorder,assignment_changes,local,no_reorder,1.0,0.0,1.0,,loss,714a3dea6d7ee1226f7a7ac5b2ed113ccaf09170837a426adc6c86885b112e02,,
1027,local_vs_no_reorder,successor_edge_changes,local,no_reorder,0.0,0.0,0.0,,tie,714a3dea6d7ee1226f7a7ac5b2ed113ccaf09170837a426adc6c86885b112e02,,
1027,full_vs_no_reorder,weighted_mean_delay,full,no_reorder,19.950225487324268,19.96744705705852,-0.017221569734253706,-0.08624823035734984,win,714a3dea6d7ee1226f7a7ac5b2ed113ccaf09170837a426adc6c86885b112e02,,
1027,full_vs_no_reorder,weighted_delay,full,no_reorder,2693.280440788776,2695.6053527029,-2.3249119141237315,-0.08624823035733062,win,714a3dea6d7ee1226f7a7ac5b2ed113ccaf09170837a426adc6c86885b112e02,,
1027,full_vs_no_reorder,high_priority_mean_delay,full,no_reorder,19.258418265158078,19.259240885789605,-0.0008226206315278262,-0.004271303507786723,win,714a3dea6d7ee1226f7a7ac5b2ed113ccaf09170837a426adc6c86885b112e02,,
1027,full_vs_no_reorder,initial_planning_runtime,full,no_reorder,0.0768007999995461,0.0685427999997045,0.0082579999998416,12.047946684228252,loss,714a3dea6d7ee1226f7a7ac5b2ed113ccaf09170837a426adc6c86885b112e02,,
1027,full_vs_no_reorder,total_replanning_runtime,full,no_reorder,0.1357706999988295,0.0075927000016235,0.12817799999720603,1688.1741668944976,loss,714a3dea6d7ee1226f7a7ac5b2ed113ccaf09170837a426adc6c86885b112e02,,
1027,full_vs_no_reorder,mean_replanning_runtime,full,no_reorder,0.0135770699998829,0.0007592700001623,0.0128177999997206,1688.1741668946083,loss,714a3dea6d7ee1226f7a7ac5b2ed113ccaf09170837a426adc6c86885b112e02,,
1027,full_vs_no_reorder,max_replanning_runtime,full,no_reorder,0.0303547000003163,0.001515300000392,0.0288393999999243,1903.2138845419195,loss,714a3dea6d7ee1226f7a7ac5b2ed113ccaf09170837a426adc6c86885b112e02,,
1027,full_vs_no_reorder,total_algorithm_runtime,full,no_reorder,0.2125714999983756,0.0761355000013281,0.1364359999970475,179.20155511511388,loss,714a3dea6d7ee1226f7a7ac5b2ed113ccaf09170837a426adc6c86885b112e02,,
1027,full_vs_no_reorder,assignment_changes,full,no_reorder,5.0,0.0,5.0,,loss,714a3dea6d7ee1226f7a7ac5b2ed113ccaf09170837a426adc6c86885b112e02,,
1027,full_vs_no_reorder,successor_edge_changes,full,no_reorder,6.0,0.0,6.0,,loss,714a3dea6d7ee1226f7a7ac5b2ed113ccaf09170837a426adc6c86885b112e02,,
1028,local_vs_full,weighted_mean_delay,local,full,20.490354048219608,19.9324336617441,0.5579203864755087,2.7990580374854757,loss,71d5519adbb72d19ab08a4b00e74ebeae69e187bd8613b80ac37460bd18301d9,,
1028,local_vs_full,weighted_delay,local,full,2233.448591255937,2172.6352691301067,60.81332212583038,2.7990580374854725,loss,71d5519adbb72d19ab08a4b00e74ebeae69e187bd8613b80ac37460bd18301d9,2.7990580374854725,
1028,local_vs_full,high_priority_mean_delay,local,full,17.082758634904014,16.653446202489192,0.42931243241482164,2.577919472010858,loss,71d5519adbb72d19ab08a4b00e74ebeae69e187bd8613b80ac37460bd18301d9,,
1028,local_vs_full,initial_planning_runtime,local,full,0.0905302999999548,0.0761729999994713,0.014357300000483492,18.848279574892864,loss,71d5519adbb72d19ab08a4b00e74ebeae69e187bd8613b80ac37460bd18301d9,,
1028,local_vs_full,total_replanning_runtime,local,full,0.0640322999970521,0.1241827999965607,-0.06015049999950861,-48.437062138375445,win,71d5519adbb72d19ab08a4b00e74ebeae69e187bd8613b80ac37460bd18301d9,,0.5156293786162456
1028,local_vs_full,mean_replanning_runtime,local,full,0.0064032299997052,0.012418279999656,-0.006015049999950799,-48.437062138375225,win,71d5519adbb72d19ab08a4b00e74ebeae69e187bd8613b80ac37460bd18301d9,,
1028,local_vs_full,max_replanning_runtime,local,full,0.0228807000003143,0.0468345000008412,-0.023953800000526902,-51.145629824374474,win,71d5519adbb72d19ab08a4b00e74ebeae69e187bd8613b80ac37460bd18301d9,,
1028,local_vs_full,total_algorithm_runtime,local,full,0.154562599997007,0.2003557999960321,-0.04579319999902509,-22.855939283979797,win,71d5519adbb72d19ab08a4b00e74ebeae69e187bd8613b80ac37460bd18301d9,,
1028,local_vs_full,assignment_changes,local,full,9.0,10.0,-1.0,-10.0,win,71d5519adbb72d19ab08a4b00e74ebeae69e187bd8613b80ac37460bd18301d9,,
1028,local_vs_full,successor_edge_changes,local,full,15.0,19.0,-4.0,-21.052631578947366,win,71d5519adbb72d19ab08a4b00e74ebeae69e187bd8613b80ac37460bd18301d9,,
1028,local_vs_no_reorder,weighted_mean_delay,local,no_reorder,20.490354048219608,21.23176590951801,-0.7414118612984026,-3.4919933860331156,win,71d5519adbb72d19ab08a4b00e74ebeae69e187bd8613b80ac37460bd18301d9,,
1028,local_vs_no_reorder,weighted_delay,local,no_reorder,2233.448591255937,2314.262484137463,-80.81389288152604,-3.4919933860331223,win,71d5519adbb72d19ab08a4b00e74ebeae69e187bd8613b80ac37460bd18301d9,,
1028,local_vs_no_reorder,high_priority_mean_delay,local,no_reorder,17.082758634904014,17.33860093437228,-0.25584229946826653,-1.4755648419191727,win,71d5519adbb72d19ab08a4b00e74ebeae69e187bd8613b80ac37460bd18301d9,,
1028,local_vs_no_reorder,initial_planning_runtime,local,no_reorder,0.0905302999999548,0.0847987999986799,0.005731500001274897,6.7589399866084445,loss,71d5519adbb72d19ab08a4b00e74ebeae69e187bd8613b80ac37460bd18301d9,,
1028,local_vs_no_reorder,total_replanning_runtime,local,no_reorder,0.0640322999970521,0.0064662000004318,0.057566099996620296,890.2616682561031,loss,71d5519adbb72d19ab08a4b00e74ebeae69e187bd8613b80ac37460bd18301d9,,
1028,local_vs_no_reorder,mean_replanning_runtime,local,no_reorder,0.0064032299997052,0.0006466200000431,0.005756609999662101,890.2616682562245,loss,71d5519adbb72d19ab08a4b00e74ebeae69e187bd8613b80ac37460bd18301d9,,
1028,local_vs_no_reorder,max_replanning_runtime,local,no_reorder,0.0228807000003143,0.001749999999447,0.0211307000008673,1207.4685718596916,loss,71d5519adbb72d19ab08a4b00e74ebeae69e187bd8613b80ac37460bd18301d9,,
1028,local_vs_no_reorder,total_algorithm_runtime,local,no_reorder,0.154562599997007,0.0912649999991117,0.0632975999978953,69.3558319164098,loss,71d5519adbb72d19ab08a4b00e74ebeae69e187bd8613b80ac37460bd18301d9,,
1028,local_vs_no_reorder,assignment_changes,local,no_reorder,9.0,0.0,9.0,,loss,71d5519adbb72d19ab08a4b00e74ebeae69e187bd8613b80ac37460bd18301d9,,
1028,local_vs_no_reorder,successor_edge_changes,local,no_reorder,15.0,0.0,15.0,,loss,71d5519adbb72d19ab08a4b00e74ebeae69e187bd8613b80ac37460bd18301d9,,
1028,full_vs_no_reorder,weighted_mean_delay,full,no_reorder,19.9324336617441,21.23176590951801,-1.2993322477739113,-6.119755904012828,win,71d5519adbb72d19ab08a4b00e74ebeae69e187bd8613b80ac37460bd18301d9,,
1028,full_vs_no_reorder,weighted_delay,full,no_reorder,2172.6352691301067,2314.262484137463,-141.62721500735643,-6.119755904012831,win,71d5519adbb72d19ab08a4b00e74ebeae69e187bd8613b80ac37460bd18301d9,,
1028,full_vs_no_reorder,high_priority_mean_delay,full,no_reorder,16.653446202489192,17.33860093437228,-0.6851547318830882,-3.951614864869679,win,71d5519adbb72d19ab08a4b00e74ebeae69e187bd8613b80ac37460bd18301d9,,
1028,full_vs_no_reorder,initial_planning_runtime,full,no_reorder,0.0761729999994713,0.0847987999986799,-0.008625799999208594,-10.17207790598791,win,71d5519adbb72d19ab08a4b00e74ebeae69e187bd8613b80ac37460bd18301d9,,
1028,full_vs_no_reorder,total_replanning_runtime,full,no_reorder,0.1241827999965607,0.0064662000004318,0.1177165999961289,1820.4911692844025,loss,71d5519adbb72d19ab08a4b00e74ebeae69e187bd8613b80ac37460bd18301d9,,
1028,full_vs_no_reorder,mean_replanning_runtime,full,no_reorder,0.012418279999656,0.0006466200000431,0.0117716599996129,1820.4911692846292,loss,71d5519adbb72d19ab08a4b00e74ebeae69e187bd8613b80ac37460bd18301d9,,
1028,full_vs_no_reorder,max_replanning_runtime,full,no_reorder,0.0468345000008412,0.001749999999447,0.045084500001394204,2576.257143750909,loss,71d5519adbb72d19ab08a4b00e74ebeae69e187bd8613b80ac37460bd18301d9,,
1028,full_vs_no_reorder,total_algorithm_runtime,full,no_reorder,0.2003557999960321,0.0912649999991117,0.1090907999969204,119.5319125601076,loss,71d5519adbb72d19ab08a4b00e74ebeae69e187bd8613b80ac37460bd18301d9,,
1028,full_vs_no_reorder,assignment_changes,full,no_reorder,10.0,0.0,10.0,,loss,71d5519adbb72d19ab08a4b00e74ebeae69e187bd8613b80ac37460bd18301d9,,
1028,full_vs_no_reorder,successor_edge_changes,full,no_reorder,19.0,0.0,19.0,,loss,71d5519adbb72d19ab08a4b00e74ebeae69e187bd8613b80ac37460bd18301d9,,
1029,local_vs_full,weighted_mean_delay,local,full,17.50596637228524,17.367565815971734,0.13840055631350623,0.7968909274909955,loss,ae386fd35e1e2f52ab263eea23817fe86033e2136dcb34a28396cddeefd8ccd4,,
1029,local_vs_full,weighted_delay,local,full,1698.078738111668,1684.653884149258,13.424853962409998,0.7968909274909893,loss,ae386fd35e1e2f52ab263eea23817fe86033e2136dcb34a28396cddeefd8ccd4,0.7968909274909893,
1029,local_vs_full,high_priority_mean_delay,local,full,15.812220331570638,15.812220331570638,0.0,0.0,tie,ae386fd35e1e2f52ab263eea23817fe86033e2136dcb34a28396cddeefd8ccd4,,
1029,local_vs_full,initial_planning_runtime,local,full,0.0901684999989811,0.0811755000013363,0.008992999997644802,11.078465790166687,loss,ae386fd35e1e2f52ab263eea23817fe86033e2136dcb34a28396cddeefd8ccd4,,
1029,local_vs_full,total_replanning_runtime,local,full,0.0162699000011343,0.0443881999999575,-0.0281182999988232,-63.34633979041755,win,ae386fd35e1e2f52ab263eea23817fe86033e2136dcb34a28396cddeefd8ccd4,,0.3665366020958245
1029,local_vs_full,mean_replanning_runtime,local,full,0.0016269900001134,0.0044388199999957,-0.0028118299998823003,-63.346339790417815,win,ae386fd35e1e2f52ab263eea23817fe86033e2136dcb34a28396cddeefd8ccd4,,
1029,local_vs_full,max_replanning_runtime,local,full,0.0059695999989344,0.0209804999994958,-0.015010900000561399,-71.54691261372294,win,ae386fd35e1e2f52ab263eea23817fe86033e2136dcb34a28396cddeefd8ccd4,,
1029,local_vs_full,total_algorithm_runtime,local,full,0.1064384000001155,0.1255637000012939,-0.019125300001178416,-15.231551794811187,win,ae386fd35e1e2f52ab263eea23817fe86033e2136dcb34a28396cddeefd8ccd4,,
1029,local_vs_full,assignment_changes,local,full,5.0,7.0,-2.0,-28.57142857142857,win,ae386fd35e1e2f52ab263eea23817fe86033e2136dcb34a28396cddeefd8ccd4,,
1029,local_vs_full,successor_edge_changes,local,full,4.0,4.0,0.0,0.0,tie,ae386fd35e1e2f52ab263eea23817fe86033e2136dcb34a28396cddeefd8ccd4,,
1029,local_vs_no_reorder,weighted_mean_delay,local,no_reorder,17.50596637228524,17.265948665764775,0.24001770652046517,1.3901217428983585,loss,ae386fd35e1e2f52ab263eea23817fe86033e2136dcb34a28396cddeefd8ccd4,,
1029,local_vs_no_reorder,weighted_delay,local,no_reorder,1698.078738111668,1674.797020579183,23.28171753248489,1.3901217428983448,loss,ae386fd35e1e2f52ab263eea23817fe86033e2136dcb34a28396cddeefd8ccd4,,
1029,local_vs_no_reorder,high_priority_mean_delay,local,no_reorder,15.812220331570638,15.068446172982908,0.7437741585877298,4.935971168157242,loss,ae386fd35e1e2f52ab263eea23817fe86033e2136dcb34a28396cddeefd8ccd4,,
1029,local_vs_no_reorder,initial_planning_runtime,local,no_reorder,0.0901684999989811,0.0818638000000646,0.008304699998916504,10.144532746965021,loss,ae386fd35e1e2f52ab263eea23817fe86033e2136dcb34a28396cddeefd8ccd4,,
1029,local_vs_no_reorder,total_replanning_runtime,local,no_reorder,0.0162699000011343,0.0050351999980193,0.011234700003115002,223.1232127330474,loss,ae386fd35e1e2f52ab263eea23817fe86033e2136dcb34a28396cddeefd8ccd4,,
1029,local_vs_no_reorder,mean_replanning_runtime,local,no_reorder,0.0016269900001134,0.0005035199998019,0.0011234700003115,223.12321273306068,loss,ae386fd35e1e2f52ab263eea23817fe86033e2136dcb34a28396cddeefd8ccd4,,
1029,local_vs_no_reorder,max_replanning_runtime,local,no_reorder,0.0059695999989344,0.0012561999992612,0.0047133999996732,375.210953864453,loss,ae386fd35e1e2f52ab263eea23817fe86033e2136dcb34a28396cddeefd8ccd4,,
1029,local_vs_no_reorder,total_algorithm_runtime,local,no_reorder,0.1064384000001155,0.086898999998084,0.0195394000020315,22.485183952015923,loss,ae386fd35e1e2f52ab263eea23817fe86033e2136dcb34a28396cddeefd8ccd4,,
1029,local_vs_no_reorder,assignment_changes,local,no_reorder,5.0,0.0,5.0,,loss,ae386fd35e1e2f52ab263eea23817fe86033e2136dcb34a28396cddeefd8ccd4,,
1029,local_vs_no_reorder,successor_edge_changes,local,no_reorder,4.0,0.0,4.0,,loss,ae386fd35e1e2f52ab263eea23817fe86033e2136dcb34a28396cddeefd8ccd4,,
1029,full_vs_no_reorder,weighted_mean_delay,full,no_reorder,17.367565815971734,17.265948665764775,0.10161715020695894,0.588540787269032,loss,ae386fd35e1e2f52ab263eea23817fe86033e2136dcb34a28396cddeefd8ccd4,,
1029,full_vs_no_reorder,weighted_delay,full,no_reorder,1684.653884149258,1674.797020579183,9.856863570074893,0.5885407872690247,loss,ae386fd35e1e2f52ab263eea23817fe86033e2136dcb34a28396cddeefd8ccd4,,
1029,full_vs_no_reorder,high_priority_mean_delay,full,no_reorder,15.812220331570638,15.068446172982908,0.7437741585877298,4.935971168157242,loss,ae386fd35e1e2f52ab263eea23817fe86033e2136dcb34a28396cddeefd8ccd4,,
1029,full_vs_no_reorder,initial_planning_runtime,full,no_reorder,0.0811755000013363,0.0818638000000646,-0.0006882999987282978,-0.8407867686666813,win,ae386fd35e1e2f52ab263eea23817fe86033e2136dcb34a28396cddeefd8ccd4,,
1029,full_vs_no_reorder,total_replanning_runtime,full,no_reorder,0.0443881999999575,0.0050351999980193,0.0393530000019382,781.5578332026239,loss,ae386fd35e1e2f52ab263eea23817fe86033e2136dcb34a28396cddeefd8ccd4,,
1029,full_vs_no_reorder,mean_replanning_runtime,full,no_reorder,0.0044388199999957,0.0005035199998019,0.0039353000001938,781.5578332026663,loss,ae386fd35e1e2f52ab263eea23817fe86033e2136dcb34a28396cddeefd8ccd4,,
1029,full_vs_no_reorder,max_replanning_runtime,full,no_reorder,0.0209804999994958,0.0012561999992612,0.019724300000234597,1570.1560270526118,loss,ae386fd35e1e2f52ab263eea23817fe86033e2136dcb34a28396cddeefd8ccd4,,
1029,full_vs_no_reorder,total_algorithm_runtime,full,no_reorder,0.1255637000012939,0.086898999998084,0.038664700003209915,44.493837678295975,loss,ae386fd35e1e2f52ab263eea23817fe86033e2136dcb34a28396cddeefd8ccd4,,
1029,full_vs_no_reorder,assignment_changes,full,no_reorder,7.0,0.0,7.0,,loss,ae386fd35e1e2f52ab263eea23817fe86033e2136dcb34a28396cddeefd8ccd4,,
1029,full_vs_no_reorder,successor_edge_changes,full,no_reorder,4.0,0.0,4.0,,loss,ae386fd35e1e2f52ab263eea23817fe86033e2136dcb34a28396cddeefd8ccd4,,
